-- phpMyAdmin SQL Dump
-- version 4.8.3
-- https://www.phpmyadmin.net/
--
-- Host: 127.0.0.1
-- Generation Time: Oct 30, 2018 at 04:54 PM
-- Server version: 10.1.35-MariaDB
-- PHP Version: 7.2.9

SET SQL_MODE = "NO_AUTO_VALUE_ON_ZERO";
SET AUTOCOMMIT = 0;
START TRANSACTION;
SET time_zone = "+00:00";


/*!40101 SET @OLD_CHARACTER_SET_CLIENT=@@CHARACTER_SET_CLIENT */;
/*!40101 SET @OLD_CHARACTER_SET_RESULTS=@@CHARACTER_SET_RESULTS */;
/*!40101 SET @OLD_COLLATION_CONNECTION=@@COLLATION_CONNECTION */;
/*!40101 SET NAMES utf8mb4 */;

--
-- Database: `dbbanhangonline`
--

-- --------------------------------------------------------

--
-- Table structure for table `chitietdonhang`
--

CREATE TABLE `chitietdonhang` (
  `MaChiTietDonHang` int(11) NOT NULL,
  `MaDonHang` int(11) DEFAULT NULL,
  `MaSanPham` int(11) DEFAULT NULL,
  `SoLuongSanPham` int(11) DEFAULT NULL
) ENGINE=InnoDB DEFAULT CHARSET=utf8;

--
-- Dumping data for table `chitietdonhang`
--

INSERT INTO `chitietdonhang` (`MaChiTietDonHang`, `MaDonHang`, `MaSanPham`, `SoLuongSanPham`) VALUES
(10, 7, 35, 6),
(11, 8, 3, 4),
(12, 8, 7, 3),
(13, 9, 57, 1);

-- --------------------------------------------------------

--
-- Table structure for table `donhang`
--

CREATE TABLE `donhang` (
  `MaDonHang` int(11) NOT NULL,
  `MaKhachHang` int(11) DEFAULT NULL,
  `TongTienDonHang` decimal(10,0) DEFAULT NULL,
  `NgayGioDatHang` datetime DEFAULT NULL,
  `TrangThaiDonHang` varchar(1) DEFAULT NULL
) ENGINE=InnoDB DEFAULT CHARSET=utf8;

--
-- Dumping data for table `donhang`
--

INSERT INTO `donhang` (`MaDonHang`, `MaKhachHang`, `TongTienDonHang`, `NgayGioDatHang`, `TrangThaiDonHang`) VALUES
(7, 7, '120000', '2018-10-30 22:46:57', '0'),
(8, 8, '99930000', '2018-10-30 22:48:40', '0'),
(9, 9, '4490000', '2018-10-30 22:50:14', '0');

-- --------------------------------------------------------

--
-- Table structure for table `khachhang`
--

CREATE TABLE `khachhang` (
  `MaKhachHang` int(11) NOT NULL,
  `MaLoaiNhanVien` int(11) DEFAULT NULL,
  `HoTenKhachHang` varchar(20) DEFAULT NULL,
  `SoDienThoaiKhachHang` varchar(12) DEFAULT NULL,
  `EmailKhachHang` varchar(50) DEFAULT NULL,
  `DiaChiKhachHang` text
) ENGINE=InnoDB DEFAULT CHARSET=utf8;

--
-- Dumping data for table `khachhang`
--

INSERT INTO `khachhang` (`MaKhachHang`, `MaLoaiNhanVien`, `HoTenKhachHang`, `SoDienThoaiKhachHang`, `EmailKhachHang`, `DiaChiKhachHang`) VALUES
(7, 2, 'Cristiano Ronaldo', '09777777777', 'Cr7@gmail.com', 'Juventus'),
(8, 2, 'Lionel Messi', '09010101010', 'Messi@gmail.com', 'Barcelona'),
(9, 2, 'Neymar', '098145819645', 'Neymar@gmail.com', 'PSG');

-- --------------------------------------------------------

--
-- Table structure for table `loainhanvien`
--

CREATE TABLE `loainhanvien` (
  `MaLoaiNhanVien` int(11) NOT NULL,
  `TenLoaiNhanVien` varchar(20) DEFAULT NULL,
  `HinhLogoLoaiNhanVien` text
) ENGINE=InnoDB DEFAULT CHARSET=utf8;

--
-- Dumping data for table `loainhanvien`
--

INSERT INTO `loainhanvien` (`MaLoaiNhanVien`, `TenLoaiNhanVien`, `HinhLogoLoaiNhanVien`) VALUES
(1, 'Admin', 'http://www.mauvoyage.com/images/AdminLogo.png'),
(2, 'Khách hàng', 'https://www.shareicon.net/data/256x256/2016/08/03/806193_people_512x512.png');

-- --------------------------------------------------------

--
-- Table structure for table `loaisanpham`
--

CREATE TABLE `loaisanpham` (
  `MaLoaiSanPham` int(11) NOT NULL,
  `TenLoaiSanPham` varchar(50) DEFAULT NULL,
  `HinhLogoLoaiSanPham` text
) ENGINE=InnoDB DEFAULT CHARSET=utf8;

--
-- Dumping data for table `loaisanpham`
--

INSERT INTO `loaisanpham` (`MaLoaiSanPham`, `TenLoaiSanPham`, `HinhLogoLoaiSanPham`) VALUES
(1, 'Điện thoại', 'https://nguoivietphone.com/images/file/SnPoPiA-1QgBAr1g/iphone-2018-co-the-se-quay-ve-voi-thiet-ke-vo-kim-loai.png'),
(2, 'Laptop', 'https://cdn.tgdd.vn/Products/Images/44/185153/dell-inspiron-3576-i3-7020u-450-450x300.png'),
(3, 'Tablet', 'https://www.viettablet.com/image/data/0-hinh-moi/ipad/ipad-air.png'),
(4, 'Phụ kiện', 'https://media.hpshopping.in/catalog/product/cache/c687aa7517cf01e65c009f6943c2b1e9/2/N/2NA10AA-1_T1528363031.png'),
(5, 'Thiết bị đeo thông minh', 'https://bizweb.dktcdn.net/100/176/601/products/alu-space-sport-black-s4-2up-gps-varend-8c51fb57-53bf-45b1-a957-5094942ed95c.png?v=1538439422923'),
(6, 'Máy ảnh', 'http://pluspng.com/img-png/photo-camera-png-png-file-name-photo-camera-256.png'),
(7, 'Âm thanh', 'https://currys-ssl.cdn.dixons.com/css/themes/jbl-audio/img/wireless-speakers.png'),
(8, 'Máy chơi Game', 'https://vignette.wikia.nocookie.net/megamitensei/images/7/74/PlayStation_4.png/revision/latest?cb=20170331210204');

-- --------------------------------------------------------

--
-- Table structure for table `nhanvien`
--

CREATE TABLE `nhanvien` (
  `MaNhanVien` int(11) NOT NULL,
  `MaLoaiNhanVien` int(11) DEFAULT NULL,
  `TenNhanVien` varchar(20) DEFAULT NULL,
  `AvatarNhanVien` text,
  `TenDangNhap` varchar(20) DEFAULT NULL,
  `MatKhau` varchar(20) DEFAULT NULL
) ENGINE=InnoDB DEFAULT CHARSET=utf8;

--
-- Dumping data for table `nhanvien`
--

INSERT INTO `nhanvien` (`MaNhanVien`, `MaLoaiNhanVien`, `TenNhanVien`, `AvatarNhanVien`, `TenDangNhap`, `MatKhau`) VALUES
(1, 1, 'Vũ Đức Trung', NULL, 'admin', 'admin');

-- --------------------------------------------------------

--
-- Table structure for table `sanpham`
--

CREATE TABLE `sanpham` (
  `MaSanPham` int(11) NOT NULL,
  `MaLoaiSanPham` int(11) DEFAULT NULL,
  `MaThuongHieu` int(11) DEFAULT NULL,
  `TenSanPham` varchar(100) DEFAULT NULL,
  `GiaSanPham` decimal(10,0) DEFAULT NULL,
  `HinhSanPham` text,
  `ThongSoKiThuat` text,
  `DacDiemNoiBat` text,
  `PhuKienSanPham` text,
  `ThangBaoHanh` varchar(2) DEFAULT NULL
) ENGINE=InnoDB DEFAULT CHARSET=utf8;

--
-- Dumping data for table `sanpham`
--

INSERT INTO `sanpham` (`MaSanPham`, `MaLoaiSanPham`, `MaThuongHieu`, `TenSanPham`, `GiaSanPham`, `HinhSanPham`, `ThongSoKiThuat`, `DacDiemNoiBat`, `PhuKienSanPham`, `ThangBaoHanh`) VALUES
(1, 1, 4, 'Điện thoại OPPO F9 Tím Tinh Tú', '7690000', 'https://cdn.tgdd.vn/Products/Images/42/184465/oppo-f9-tim-doc-quyen-400x460.png', 'Màn hình: LTPS LCD, 6.3\", Full HD+\r\nHệ điều hành: ColorOS 5.2 (Android 8.1)\r\nCamera sau: 16 MP và 2 MP (2 camera)\r\nCamera trước: 25 MP\r\nCPU: MediaTek Helio P60 8 nhân 64-bit\r\nRAM: 4 GB\r\nBộ nhớ trong: 64 GB\r\nThẻ nhớ: MicroSD, hỗ trợ tối đa 256 GB\r\nThẻ SIM: 2 Nano SIM\r\nDung lượng pin:	3500 mAh, có sạc nhanh', 'Là chiếc điện thoại OPPO sở hữu một sắc tím đẹp đến mê người và không còn đi theo phong cách đơn thuần một màu sắc, OPPO F9 Tím Tinh Tú điểm trên mặt lưng những ánh kim tuyến độc đáo và màn hình giọt nước siêu tràn viền.', 'Sạc,Tai nghe,Hộp,Cây lấy sim,Ốp lưng,Sách hướng dẫn', '12'),
(2, 1, 2, 'Điện thoại Samsung Galaxy J6 64GB Tím Lavender', '4590000', 'https://cdn.tgdd.vn/Products/Images/42/181739/samsung-galaxy-j6-tim-lavender-3-400x460.png', 'Màn hình: Super AMOLED, 5.6\", HD+\r\nHệ điều hành: Android 8.0 (Oreo)\r\nCamera sau: 13 MP\r\nCamera trước: 8 MP\r\nCPU: Exynos 7870 8 nhân 64-bit\r\nRAM: 4 GB\r\nBộ nhớ trong: 64 GB\r\nThẻ nhớ: MicroSD, hỗ trợ tối đa 256 GB\r\nThẻ SIM: 2 Nano SIM, Hỗ trợ 4G\r\nDung lượng pin:	3000 mAh', 'Trong phân khúc smartphone tầm trung, Samsung Galaxy J6 Tím Lavender là cái tên tiếp theo được nhắc đến với một thiết kế đẹp, màu sắc nhẹ nhàng, sang trọng, hiệu năng tốt và có màn hình 18.5:9 thời thượng.', 'Pin, Sạc, Tai nghe, Sách hướng dẫn', '12'),
(3, 1, 1, 'Điện thoại iPhone 8 64GB', '17490000', 'https://cdn.tgdd.vn/Products/Images/42/114113/iphone-8-64gb-1-400x460-1-400x460.png', 'Màn hình: LED-backlit IPS LCD, 4.7\", Retina HD\r\nHệ điều hành: iOS 11\r\nCamera sau: 12 MP\r\nCamera trước: 7 MP\r\nCPU: Apple A11 Bionic 6 nhân\r\nRAM: 2 GB\r\nBộ nhớ trong: 64 GB\r\nThẻ SIM: 1 Nano SIM, Hỗ trợ 4G\r\nDung lượng pin:	1821 mAh, có sạc nhanh', 'iPhone 8 64GB nổi bật với điểm nhấn mặt lưng kính và mặt trước giữ nguyên thiết kế như iPhone 7, cùng với đó là hàng loạt công nghệ đáng mong đợi như sạc nhanh, không dây hay hỗ trợ thực tế ảo AR.', 'Sạc, Tai nghe, Sách hướng dẫn, Jack chuyển tai nghe 3.5mm, Cáp, Cây lấy sim', '12'),
(4, 1, 9, 'Điện thoại Huawei Nova 3i', '6990000', 'https://cdn.tgdd.vn/Products/Images/42/179673/huawei-nova-3i-den-chipu-1-400x460.png', 'Màn hình: LTPS LCD, 6.3\", Full HD+\r\nHệ điều hành: Android 8.1 (Oreo)\r\nCamera sau: 16 MP và 2 MP (2 camera)\r\nCamera trước: 24 MP và 2 MP (2 camera)\r\nCPU: HiSilicon Kirin 710\r\nRAM: 4 GB\r\nBộ nhớ trong: 128 GB\r\nThẻ nhớ: MicroSD, hỗ trợ tối đa 256 GB\r\nThẻ SIM: 2 Nano SIM, Hỗ trợ 4G\r\nDung lượng pin:	3340 mAh', 'Với những smartphone như Nova 2i hay Nova 3e thì Huawei đã và đang tạo nên những cơn sốt rất lớn trong phân khúc tầm trung và cái tên mới Huawei Nova 3i được cải tiến và nâng cấp nhiều điểm mới, hứa hẹn sẽ mang lại làn gió mới cho thị trường.', 'Sạc,Tai nghe,Sách hướng dẫn,Hộp,Cây lấy sim,Miếng dán màn hình,Ốp lưng,Cáp', '12'),
(5, 1, 3, 'Điện thoại Nokia 6.1 Plus', '6590000', 'https://cdn.tgdd.vn/Products/Images/42/167150/nokia-61-plus-3-400x460.png', 'Màn hình: IPS LCD, 5.8\", Full HD+\r\nHệ điều hành: Android 8.1 (Oreo)\r\nCamera sau: 16 MP và 5 MP (2 camera)\r\nCamera trước: 16 MP\r\nCPU: Qualcomm Snapdragon 636 8 nhân\r\nRAM: 4 GB\r\nBộ nhớ trong: 64 GB\r\nThẻ nhớ: MicroSD, hỗ trợ tối đa 400 GB\r\nThẻ SIM: 2 SIM Nano (SIM 2 chung khe thẻ nhớ), Hỗ trợ 4G\r\nDung lượng pin:	3060 mAh, có sạc nhanh', 'Nokia 6.1 Plus (hoặc tên khác Nokia X6) đã khiến người dùng trở nên phấn khích khi lột xác hoàn toàn trong thiết kế đến từ chiếc tai thỏ phá cách cũng như hiệu năng được cải tiến vượt bậc so với các đối thủ của nó.', 'Pin,Sạc,Hộp,Sách hướng dẫn,Tai nghe.', '12'),
(6, 3, 2, 'Samsung Galaxy Tab A 10.5 inch', '9490000', 'https://cdn.tgdd.vn/Products/Images/522/184380/samsung-galaxy-tab-a-105-inch-chitietblue-400x460.png', 'Màn hình: IPS LCD, 10.5\"\r\nHệ điều hành: Android 8.0\r\nCPU: CPU 8 nhân, 1.8 GHz\r\nRAM: 3 GB\r\nBộ nhớ trong: 32 GB\r\nCamera sau: 8 MP\r\nCamera trước: 5 MP\r\nKết nối mạng: WiFi, 3G, Hỗ trợ 4G\r\nHỗ trợ SIM: Nano Sim\r\nĐàm thoại: Có', 'Là một phiên bản máy tính bảng giá rẻ của dòng Tab S4, Samsung Galaxy Tab A 10.5 inch có giá bán phải chăng và phục vụ tốt nhu cầu sử dụng của người dùng.', 'Cáp chuyển,Adapter', '12'),
(7, 3, 1, 'iPad Wifi 32GB (2018)', '9990000', 'https://cdn.tgdd.vn/Products/Images/522/163645/ipad-6th-wifi-32gb-1-400x460.png', 'Màn hình: LED backlit LCD, 9.7\"\r\nHệ điều hành: iOS 11.3\r\nCPU: Apple A10 Fusion, 2.34 GHz\r\nRAM: 2 GB\r\nBộ nhớ trong: 32 GB\r\nCamera sau: 8 MP\r\nCamera trước: 1.2 MP\r\nKết nối mạng: WiFi, Không hỗ trợ 3G, Không hỗ trợ 4G\r\nĐàm thoại: FaceTime\r\nTrọng lượng: 469 g', 'iPad 6th Wifi 32GB với nhiều nâng cấp về phần cứng, đặc biệt hơn giá của sản phẩm này được định hình ở phân khúc giá rẻ, sinh viên sẽ là sự lựa chọn “không quá xa tầm tay” người dùng.', 'Adapter, Sách hướng dẫn, Cáp Lightning, Hộp máy', '12'),
(8, 3, 1, 'iPad Wifi 128 GB (2018)', '11990000', 'https://cdn.tgdd.vn/Products/Images/522/163791/ipad-6th-wifi-128-gb-1-400x460.png', 'Màn hình: LED backlit LCD, 9.7\"\r\nHệ điều hành: iOS 11.3\r\nCPU: Apple A10 Fusion, 2.34 GHz\r\nRAM: 2 GB\r\nBộ nhớ trong: 128 GB\r\nCamera sau: 8 MP\r\nCamera trước: 1.2 MP\r\nKết nối mạng: WiFi, Không hỗ trợ 3G, Không hỗ trợ 4G\r\nĐàm thoại: FaceTime\r\nTrọng lượng: 469 g', 'iPad 6th Wifi 128 GB là chiếc iPad mới được Apple ra mắt với mức giá phải chăng hơn hứa hẹn sẽ mang các thiết bị iPad đến được với đông đảo người dùng hơn.', 'Adapter, Sách hướng dẫn, Cáp Lightning, Hộp máy', '12'),
(9, 3, 1, 'iPad Pro 10.5 inch Wifi Cellular 64GB (2017)', '19990000', 'https://cdn.tgdd.vn/Products/Images/522/109599/ipad-pro-105-inch-wifi-cellular-64gb-2017-6-400x400.png', 'Màn hình: IPS LCD, 10.5\"\r\nHệ điều hành: iOS 11\r\nCPU: Apple A10X 6 nhân 64-bit\r\nRAM: 4 GB\r\nBộ nhớ trong: 64 GB\r\nCamera sau: 12 MP\r\nCamera trước: 7 MP\r\nKết nối mạng: WiFi, 3G, 4G LTE\r\nHỗ trợ SIM: Nano Sim\r\nĐàm thoại: FaceTime', 'Thiết kế sang trọng không quá nhiều thay đổi\r\nApple vẫn giữ ngôn ngữ thiết kế từ xa xưa tới nay, nên phiên bản 10.5 inch cũng không có gì khác lắm với những người tiền nhiệm còn lại. Tuy không mới nhưng đây vẫn là một thiết kế vượt thời gian và rất sang trọng.', 'Adapter, Sách hướng dẫn, Cáp Lightning, Cây lấy sim, Hộp máy', '12'),
(10, 3, 2, 'Samsung Galaxy Tab S4 10.5 inch S-Pen', '17990000', 'https://cdn.tgdd.vn/Products/Images/522/184377/samsung-galaxy-tab-s4-105-inch-detial-400x460.png', 'Màn hình: Super AMOLED, 10.5\"\r\nHệ điều hành: Android 8.0\r\nCPU: Qualcomm MSM 8998, 4 nhân 2.35GHz + 4 nhân 1.9GHz\r\nRAM: 4 GB\r\nBộ nhớ trong: 64 GB\r\nCamera sau: 13 MP\r\nCamera trước: 8 MP\r\nKết nối mạng: WiFi, 3G, Hỗ trợ 4G\r\nHỗ trợ SIM: Nano Sim', 'Samsung đã cho ra mắt máy tính bảng Galaxy Tab S4 10.5 với màn hình Super AMOLED 10.5 inch, chip Snapdragon 835 được trang bị. Đây là một chiếc máy tính bảng cấp cao cùng hiệu năng ổn định với các thao tác được phản hồi nhanh chóng.\r\nMàn hình Super AMOLED 10.5 inch\r\nSamsung Galaxy Tab S4  sở hữu màn hình với kích thước 10.5, có độ phân giải 2.560 x 1.600 pixels, kết hợp cùng công nghệ màn hình Super AMOLED cho chất lượng hình ảnh hiển thị rực rỡ, sống động, chân thực. Cho khả năng hiển thị dưới ánh sáng mặt trời rõ nét hơn.', 'Adapter, Sách hướng dẫn, Bút cảm ứng, Cáp chuyển, Hộp máy', '12'),
(11, 2, 16, 'Laptop Dell Vostro 5568 i5 7200U/4GB/1TB/2GB 940MX/Win10/(077M52)', '16490000', 'https://cdn.tgdd.vn/Products/Images/44/89025/dell-vostro-5568-077m52-vangdong-450x300-450x300.png', 'CPU: Intel Core i5 Kabylake, 7200U, 2.50 GHz\r\nRAM: 4 GB, DDR4 (2 khe), 2400 MHz\r\nỔ cứng: HDD: 1 TB SATA3, Hỗ trợ khe cắm SSD M.2 SATA3\r\nMàn hình: 15.6 inch, HD (1366 x 768)\r\nCard màn hình: Card đồ họa rời, NVIDIA GeForce 940MX, 2 GB\r\nCổng kết nối: 3 x USB 3.0, HDMI, LAN (RJ45), USB 2.0, VGA (D-Sub)\r\nĐặc biệt: Có đèn bàn phím\r\nHệ điều hành: Windows 10 Home SL\r\nThiết kế: Vỏ nhựa - nắp lưng bằng kim loại, PIN liền\r\nKích thước: Dày 19.2 mm, 1.98 kg', 'Máy tính xách tay Dell Vostro 5568 i5 7200U là phiên bản với màn hình lớn hơn 15.6 inch so với Vostro 5468 cùng một cấu hình mạnh mẽ bên trong.\r\nThoải mái chiến game cùng công việc\r\nĐược tích hợp chip xử lý core i5 Kaby Lake, tốc độ CPU 2.5 GHz và có thể tăng tốc lên tối đa 3.1 GHz nhờ tính năng Turbo Boost.\r\nRAM 4 GB và có thể nâng lên tối đa 16 GB, đặc biệt ổ cứng lưu trữ HDD lên đến 1 TB không gian lưu trữ thoải mái.', 'Dây nguồn, Sách hướng dẫn, Thùng máy, Adapter sạc', '12'),
(12, 2, 16, 'Laptop Dell Inspiron 7570 i7 8550U/8GB/1TB+128GB/4GB MX130/Win10/Office365/(782P82)', '26990000', 'https://cdn.tgdd.vn/Products/Images/44/186031/dell-inspiron-7570-i7-8550u-782p82-thumb-600x600.jpg', 'CPU: Intel Core i7 Kabylake Refresh, 8550U, 1.80 GHz\r\nRAM: 8 GB, DDR4 (2 khe), 2400 MHz\r\nỔ cứng:	HDD: 1 TB + SSD: 128GB, Hỗ trợ khe cắm SSD M.2 SATA3\r\nMàn hình: 15.6 inch, Full HD (1920 x 1080)\r\nCard màn hình: Card đồ họa rời, NVIDIA Geforce MX130, 4GB\r\nCổng kết nối: 3 x USB 3.1, HDMI, LAN (RJ45), USB Type-C\r\nĐặc biệt: Có đèn bàn phím\r\nHệ điều hành: Windows 10 + Office 365 1 năm\r\nThiết kế: Vỏ kim loại, PIN liền\r\nKích thước: Dày 18.8 mm, 2 kg', 'Laptop Dell Inspiron 7570 (782P82) được thiết kế vỏ ngoài kim loại sang trọng, tinh tế. Máy được trang bị cấu hình mạnh mẽ cho hiệu năng mượt, Ổ cứng SSD cho tốc độ khởi động máy, các ứng dụng, tốc độ phản hồi các tác vụ  xử lý đồ họa - kĩ thuật được nhanh chóng, thỏa sức chiến các tựa game cấu hình cao.\r\nMàn hình 15.6 inch viền siêu mỏng\r\nDell Insprion 7570 được trang bị màn hình viền mỏng có độ phân giải Full HD kết hợp tấm nền IPS cùng công nghệ TrueLife LED-Backlit Display đem đến chất lượng hình ảnh sống động, chân thực, tái tạo màu sắc chuẩn xác đến từng chi tiết, từng góc độ. Đem đến không gian trải nghiệm tuyệt vời, tầm nhìn rộng rãi, thoải mái cho người dùng khi sử dụng trong thời gian dài.', 'Dây nguồn, Sách hướng dẫn, Thùng máy, Adapter sạc', '12'),
(13, 2, 6, 'Laptop HP Pavilion 14 ce0021TU i3 8130U/4GB/1TB/Win10/(4MF00PA)', '12990000', 'https://cdn.tgdd.vn/Products/Images/44/177638/hp-pavilion-14-ce0021tu-i-4mf00pa-450a-600x600.jpg', 'CPU: Intel Core i3 Kabylake Refresh, 8130U, 2.20 GHz\r\nRAM: 4 GB, DDR4 (1 khe), 2400 MHz\r\nỔ cứng:	HDD: 1 TB SATA3\r\nMàn hình: 14 inch, Full HD (1920 x 1080)\r\nCard màn hình: Card đồ họa tích hợp, Intel® HD Graphics 620\r\nCổng kết nối: 2 x USB 3.1, HDMI, LAN (RJ45), USB Type-C\r\nHệ điều hành: Windows 10 Home SL\r\nThiết kế: Vỏ nhựa, PIN liền\r\nKích thước: Dày 17.79 mm, 1.59 kg', 'Máy tính xách tay HP Pavilion 14 ce0021TU sở hữu cấu hình vừa đủ với core i3 thế hệ thứ 8 KabyLake Refresh cùng mức giá bán hấp dẫn sẽ phù hợp với học sinh, sinh viên hay những người thường xuyên sử dụng với những ứng dụng không quá nặng.\r\nTích hợp chip xử lý i3 mượt mà\r\nMáy sử dụng core i3 thế hệ thứ 8 KabyLake Refresh giúp mang lại hiệu năng hoạt động khá ổn định, chơi các tựa game online khá mượt mà. RAM dạng mới DDR4 dung lượng 4 GB giúp giảm 20% điện năng tiêu thụ pin và nâng cao hiệu suất hoạt động, có thể nâng cấp lên 16 GB.', 'Dây nguồn, Sách hướng dẫn, Thùng máy, Adapter sạc', '12'),
(14, 2, 7, 'Laptop Asus VivoBook S510UA i5 8250U/4GB/1TB/Win10/(BQ414T)', '15990000', 'https://cdn.tgdd.vn/Products/Images/44/135668/asus-s510ua-i5-8250u-bq414t-dai-dien-450x300-600x600.jpg', 'CPU: Intel Core i5 Kabylake Refresh, 8250U, 1.60 GHz\r\nRAM: 4 GB, DDR4 (2 khe), 2133 MHz\r\nỔ cứng:	HDD: 1 TB, Hỗ trợ khe cắm SSD M.2 SATA3\r\nMàn hình: 15.6 inch, Full HD (1920 x 1080)\r\nCard màn hình: Card đồ họa tích hợp, Intel® UHD Graphics 620\r\nCổng kết nối: 2 x USB 2.0, HDMI, USB 3.0, USB Type-C\r\nĐặc biệt: Có đèn bàn phím\r\nHệ điều hành: Windows 10 Home SL\r\nThiết kế: Vỏ nhựa - nắp lưng bằng kim loại, PIN liền\r\nKích thước: Dày 17.9 mm, 1.5 kg', 'Asus S510UA i5 phiên bản máy tính nâng cấp hết sức giá trị với chip xử lý thế hệ thứ 8 mới nhất của Intel cho hiệu năng vượt trội, đáp ứng tốt cho bạn trong các nhu cầu làm việc, học tập, giải trí hằng ngày.\r\n\r\nKhác biệt đến từ cấu hình\r\nMáy sử dụng chip Intel Core i5 Kabylake Refresh, RAM DDR4 4 GB giúp hoạt động chơi game cũng như các ứng dụng đồ họa được đẹp mắt. Dung lượng ổ cứng HDD 1 TB thoải mái lưu trữ dữ liệu.', 'Dây nguồn, Sách hướng dẫn, Thùng máy, Adapter sạc', '24'),
(15, 2, 16, 'Laptop Dell Inspiron 5570 i5 8250U/4GB/1TB/2GB M530/Win10/Office365/(M5I5238W)', '17990000', 'https://cdn.tgdd.vn/Products/Images/44/162914/dell-inspiron-5570-m5i5238w-office365-dai-dien-450x300-600x600.jpg', 'CPU: Intel Core i5 Kabylake Refresh, 8250U, 1.60 GHz\r\nRAM: 4 GB, DDR4 (2 khe), 2400 MHz\r\nỔ cứng:	HDD: 1 TB, Hỗ trợ khe cắm SSD M.2 PCIe\r\nMàn hình: 15.6 inch, Full HD (1920 x 1080)\r\nCard màn hình: Card đồ họa rời, AMD Radeon 530, 2 GB\r\nCổng kết nối: 2 x USB 3.0, HDMI, LAN (RJ45), USB 2.0\r\nĐặc biệt: Có đèn bàn phím\r\nHệ điều hành: Windows 10 + Office 365 1 năm\r\nThiết kế: Vỏ nhựa, PIN liền\r\nKích thước: Dày 22.7 mm, 2.3 kg', 'Dell Inspiron 5570 là một trong những dòng laptop đầu tiên của năm nay được Dell trang bị cấu hình mới với dòng chip Intel KabyLake Refresh vượt trội về mặt hiệu năng so với những thế hệ trước.\r\nThiết kế tinh tế, đẳng cấp\r\nTổng thể Dell Inspiron 5570 được hoàn thiện từ chất liệu vỏ nhựa nhưng nhìn khá giống với vỏ kim loại  sang trọng. Máy chỉ mỏng 22.7 mm và nặng 2.3 kg cũng không quá khó khăn trong việc mang máy di chuyển.', 'Pin, Dây nguồn, Sách hướng dẫn, Thùng máy, Adapter sạc', '12'),
(16, 1, 2, 'Điện thoại Samsung Galaxy Note 9', '22990000', 'https://cdn.tgdd.vn/Products/Images/42/154897/samsung-galaxy-note-9-black-400x460-400x460.png', 'Màn hình: Super AMOLED, 6.4\", Quad HD+ (2K+)\r\nHệ điều hành: Android 8.1 (Oreo)\r\nCamera sau: 2 camera 12 MP\r\nCamera trước: 8 MP\r\nCPU: Exynos 9810 8 nhân 64 bit\r\nRAM: 6 GB\r\nBộ nhớ trong: 128 GB\r\nThẻ nhớ: MicroSD, hỗ trợ tối đa 512 GB\r\nThẻ SIM: 2 SIM Nano (SIM 2 chung khe thẻ nhớ), Hỗ trợ 4G\r\nDung lượng pin:	4000 mAh, có sạc nhanh', 'Mang lại sự cải tiến đặc biệt trong cây bút S-Pen, siêu phẩm Samsung Galaxy Note 9 còn sở hữu dung lượng pin khủng lên tới 4.000 mAh cùng hiệu năng mạnh mẽ vượt bậc, xứng đáng là một trong những chiếc điện thoại cao cấp nhất của Samsung.\r\nMột chút thay đổi trong thiết kế:\r\nChiếc điện thoại Samsung mới vẫn thừa hưởng lối thiết kế vô cùng quyến rũ từ đàn anh của mình với thân hình mạnh mẽ và được cách điệu bởi những đường cong mềm mại.\r\nĐiểm thay đổi đáng chú ý phải kể đến mặt lưng khi mà cảm biến vân tay của máy đã được đặt dưới cụm camera kép với một vị trí thuận lợi để bạn có thể mở khóa máy một cách dễ dàng.\r\nBên cạnh đó Samsung đã tối giản cạnh viền trên dưới để mang lại cho bạn một trải nghiệm tuyệt vời hơn nữa với một màn hình có kích thước khủng lên đến 6.4 inch.\r\nNhìn chung với chỉ một chút thay đổi nhỏ trong thiết kế cũng đủ để giúp Galaxy Note 9 trở nên nổi bật và quyến rũ, cũng như khắc phục được những thiếu xót từ đàn anh Note 8.\r\nHiệu năng luôn ở đỉnh cao:\r\nLà một flagship cao cấp nên những gì mạnh mẽ nhất đều được hội tụ trên Galaxy Note 9 với con chip Snapdragon 845 hoặc Exynos 9810 tùy vào từng thị trường khác nhau.\r\nĐi kèm theo đó là bộ nhớ RAM lên đến 6 GB đã giúp Note 9 trở thành một trong những smartphone mạnh mẽ nhất hiện nay đủ để chiến mọi thể loại game nặng nhất.\r\nMáy sở hữu phiên bản 128 GB và có cả một phiên bản cao cấp nhất, vô cùng mạnh mẽ khác đó chính là bộ nhớ trong lên tới 512 GB đi kèm với RAM 8 GB.\r\nĐáng tiếc máy vẫn chỉ được sẵn Android 8.1 (Oreo) và hứa hẹn trong thời gian tới sẽ được cập nhật nhanh chóng lên phiên bản Android mới nhất với nhiều tính năng mới mẻ\r\nBút S-Pen cải tiến đến vi diệu:\r\nMột sự thay đổi khiến bạn phải thích thú có lẽ là chiếc bút S-Pen đi kèm theo máy với nhiều màu sắc nổi bật.', 'Sạc, Tai nghe, Sách hướng dẫn, Bút cảm ứng, Cáp, Cây lấy sim, Ốp lưng, Adapter chuyển USB.', '12'),
(17, 1, 2, 'Điện thoại Samsung Galaxy Note 9 512GB', '28490000', 'https://cdn.tgdd.vn/Products/Images/42/183507/samsung-galaxy-note-9-512gb-blue-400x460.png', 'Màn hình: Super AMOLED, 6.4\", Quad HD+ (2K+)\r\nHệ điều hành: Android 8.1 (Oreo)\r\nCamera sau: 2 camera 12 MP\r\nCamera trước: 8 MP\r\nCPU: Exynos 9810 8 nhân 64 bit\r\nRAM: 8 GB\r\nBộ nhớ trong: 512 GB\r\nThẻ nhớ: MicroSD, hỗ trợ tối đa 512 GB\r\nThẻ SIM: 2 SIM Nano (SIM 2 chung khe thẻ nhớ), Hỗ trợ 4G\r\nDung lượng pin:	4000 mAh, có sạc nhanh', 'Mang lại sự cải tiến đặc biệt trong cây bút S-Pen, siêu phẩm Samsung Galaxy Note 9 còn sở hữu dung lượng pin khủng lên tới 4.000 mAh cùng hiệu năng mạnh mẽ vượt bậc, xứng đáng là một trong những chiếc điện thoại cao cấp nhất của Samsung.\r\nMột chút thay đổi trong thiết kế:\r\nChiếc điện thoại Samsung mới vẫn thừa hưởng lối thiết kế vô cùng quyến rũ từ đàn anh của mình với thân hình mạnh mẽ và được cách điệu bởi những đường cong mềm mại.\r\nĐiểm thay đổi đáng chú ý phải kể đến mặt lưng khi mà cảm biến vân tay của máy đã được đặt dưới cụm camera kép với một vị trí thuận lợi để bạn có thể mở khóa máy một cách dễ dàng.\r\nBên cạnh đó Samsung đã tối giản cạnh viền trên dưới để mang lại cho bạn một trải nghiệm tuyệt vời hơn nữa với một màn hình có kích thước khủng lên đến 6.4 inch.\r\nNhìn chung với chỉ một chút thay đổi nhỏ trong thiết kế cũng đủ để giúp Galaxy Note 9 trở nên nổi bật và quyến rũ, cũng như khắc phục được những thiếu xót từ đàn anh Note 8.\r\nHiệu năng luôn ở đỉnh cao:\r\nLà một flagship cao cấp nên những gì mạnh mẽ nhất đều được hội tụ trên Galaxy Note 9 với con chip Snapdragon 845 hoặc Exynos 9810 tùy vào từng thị trường khác nhau.\r\nĐi kèm theo đó là bộ nhớ RAM lên đến 6 GB đã giúp Note 9 trở thành một trong những smartphone mạnh mẽ nhất hiện nay đủ để chiến mọi thể loại game nặng nhất.\r\nMáy sở hữu phiên bản 128 GB và có cả một phiên bản cao cấp nhất, vô cùng mạnh mẽ khác đó chính là bộ nhớ trong lên tới 512 GB đi kèm với RAM 8 GB.\r\nĐáng tiếc máy vẫn chỉ được sẵn Android 8.1 (Oreo) và hứa hẹn trong thời gian tới sẽ được cập nhật nhanh chóng lên phiên bản Android mới nhất với nhiều tính năng mới mẻ\r\nBút S-Pen cải tiến đến vi diệu:\r\nMột sự thay đổi khiến bạn phải thích thú có lẽ là chiếc bút S-Pen đi kèm theo máy với nhiều màu sắc nổi bật.', 'Sạc, Tai nghe, Sách hướng dẫn, Cây lấy sim, Bút cảm ứng, Ốp lưng.', '12'),
(18, 1, 1, 'Điện thoại iPhone X 64GB Gray', '26990000', 'https://cdn.tgdd.vn/Products/Images/42/114115/iphone-x-64gb-1-400x460.png', 'Màn hình: OLED, 5.8\", Super Retina\r\nHệ điều hành: iOS 11\r\nCamera sau: 2 camera 12 MP\r\nCamera trước: 7 MP\r\nCPU: Apple A11 Bionic 6 nhân\r\nRAM: 3 GB\r\nBộ nhớ trong: 64 GB\r\nThẻ SIM: 1 Nano SIM, Hỗ trợ 4G\r\nDung lượng pin:	2716 mAh, có sạc nhanh', 'iPhone X là cụm từ được rất nhiều người mong chờ muốn biết và tìm kiếm trên Google bởi đây là chiếc điện thoại mà Apple kỉ niệm 10 năm iPhone đầu tiên được bán ra.\r\nThiết kế mang tính đột phá :\r\nNhư các bạn cũng đã biết thì đã 4 năm kể từ chiếc điện thoại iPhone 6 và iPhone 6 Plus thì Apple vẫn chưa có thay đổi nào đáng kể trong thiết kế của mình. Nhưng với iPhone X thì đó lại là 1 câu chuyện hoàn toàn khác, máy chuyển qua sử dụng màn hình tỉ lệ 19.5:9 mới mẻ với phần diện tích hiển thị mặt trước cực lớn.\r\nMàn hình với tai thỏ :\r\nĐiểm khiến iPhone X bị chê nhiều nhất đó chính là phần \"tai thỏ\" phía trên màn hình, Apple đã chấp nhận điều này để đặt cụm camera TrueDepth mới của hãng.\r\niPhone X sử dụng tấm nền OLED (được tinh chỉnh bởi Apple) thay vì LCD như những chiếc iPhone trước đây và điều này đem lại cho máy 1 màu đen thể hiện rất sâu cùng khả năng tái tạo màu sắc không kém phần chính xác.\r\n', 'Sạc, Tai nghe, Sách hướng dẫn, Jack chuyển tai nghe 3.5mm, Cáp, Cây lấy sim.', '12'),
(19, 1, 1, 'Điện thoại iPhone X 64GB Silver', '26990000', 'https://cdn.tgdd.vn/Products/Images/42/172602/iphone-x-64gb-silver-400x460.png', 'Màn hình: OLED, 5.8\", Super Retina\r\nHệ điều hành: iOS 11\r\nCamera sau: 2 camera 12 MP\r\nCamera trước: 7 MP\r\nCPU: Apple A11 Bionic 6 nhân\r\nRAM: 3 GB\r\nBộ nhớ trong: 64 GB\r\nThẻ SIM: 1 Nano SIM, Hỗ trợ 4G\r\nDung lượng pin:	2716 mAh, có sạc nhanh', 'iPhone X là cụm từ được rất nhiều người mong chờ muốn biết và tìm kiếm trên Google bởi đây là chiếc điện thoại mà Apple kỉ niệm 10 năm iPhone đầu tiên được bán ra.\r\nThiết kế mang tính đột phá :\r\nNhư các bạn cũng đã biết thì đã 4 năm kể từ chiếc điện thoại iPhone 6 và iPhone 6 Plus thì Apple vẫn chưa có thay đổi nào đáng kể trong thiết kế của mình. Nhưng với iPhone X thì đó lại là 1 câu chuyện hoàn toàn khác, máy chuyển qua sử dụng màn hình tỉ lệ 19.5:9 mới mẻ với phần diện tích hiển thị mặt trước cực lớn.\r\nMàn hình với tai thỏ :\r\nĐiểm khiến iPhone X bị chê nhiều nhất đó chính là phần \"tai thỏ\" phía trên màn hình, Apple đã chấp nhận điều này để đặt cụm camera TrueDepth mới của hãng.\r\niPhone X sử dụng tấm nền OLED (được tinh chỉnh bởi Apple) thay vì LCD như những chiếc iPhone trước đây và điều này đem lại cho máy 1 màu đen thể hiện rất sâu cùng khả năng tái tạo màu sắc không kém phần chính xác.', 'Sạc, Tai nghe, Sách hướng dẫn, Jack chuyển tai nghe 3.5mm, Cáp, Cây lấy sim.', '12'),
(20, 1, 1, 'Điện thoại iPhone X 256GB Gray', '31990000', 'https://cdn.tgdd.vn/Products/Images/42/114111/iphone-x-256gb-h2-400x460-400x460.png', 'Màn hình: OLED, 5.8\", Super Retina\r\nHệ điều hành: iOS 11\r\nCamera sau: 2 camera 12 MP\r\nCamera trước: 7 MP\r\nCPU: Apple A11 Bionic 6 nhân\r\nRAM: 3 GB\r\nBộ nhớ trong: 256 GB\r\nThẻ SIM: 1 Nano SIM, Hỗ trợ 4G\r\nDung lượng pin:	2716 mAh, có sạc nhanh', 'iPhone X là cụm từ được rất nhiều người mong chờ muốn biết và tìm kiếm trên Google bởi đây là chiếc điện thoại mà Apple kỉ niệm 10 năm iPhone đầu tiên được bán ra.\r\nThiết kế mang tính đột phá :\r\nNhư các bạn cũng đã biết thì đã 4 năm kể từ chiếc điện thoại iPhone 6 và iPhone 6 Plus thì Apple vẫn chưa có thay đổi nào đáng kể trong thiết kế của mình. Nhưng với iPhone X thì đó lại là 1 câu chuyện hoàn toàn khác, máy chuyển qua sử dụng màn hình tỉ lệ 19.5:9 mới mẻ với phần diện tích hiển thị mặt trước cực lớn.\r\nMàn hình với tai thỏ :\r\nĐiểm khiến iPhone X bị chê nhiều nhất đó chính là phần \"tai thỏ\" phía trên màn hình, Apple đã chấp nhận điều này để đặt cụm camera TrueDepth mới của hãng.\r\niPhone X sử dụng tấm nền OLED (được tinh chỉnh bởi Apple) thay vì LCD như những chiếc iPhone trước đây và điều này đem lại cho máy 1 màu đen thể hiện rất sâu cùng khả năng tái tạo màu sắc không kém phần chính xác.', 'Sạc, Tai nghe, Sách hướng dẫn, Jack chuyển tai nghe 3.5mm, Cáp, Cây lấy sim.', '12'),
(21, 1, 1, 'Điện thoại iPhone X 256GB Silver', '31990000', 'https://cdn.tgdd.vn/Products/Images/42/172404/iphone-x-256gb-silver-400x460.png', 'Màn hình: OLED, 5.8\", Super Retina\r\nHệ điều hành: iOS 11\r\nCamera sau: 2 camera 12 MP\r\nCamera trước: 7 MP\r\nCPU: Apple A11 Bionic 6 nhân\r\nRAM: 3 GB\r\nBộ nhớ trong: 256 GB\r\nThẻ SIM: 1 Nano SIM, Hỗ trợ 4G\r\nDung lượng pin:	2716 mAh, có sạc nhanh', 'iPhone X là cụm từ được rất nhiều người mong chờ muốn biết và tìm kiếm trên Google bởi đây là chiếc điện thoại mà Apple kỉ niệm 10 năm iPhone đầu tiên được bán ra.\r\nThiết kế mang tính đột phá :\r\nNhư các bạn cũng đã biết thì đã 4 năm kể từ chiếc điện thoại iPhone 6 và iPhone 6 Plus thì Apple vẫn chưa có thay đổi nào đáng kể trong thiết kế của mình. Nhưng với iPhone X thì đó lại là 1 câu chuyện hoàn toàn khác, máy chuyển qua sử dụng màn hình tỉ lệ 19.5:9 mới mẻ với phần diện tích hiển thị mặt trước cực lớn.\r\nMàn hình với tai thỏ :\r\nĐiểm khiến iPhone X bị chê nhiều nhất đó chính là phần \"tai thỏ\" phía trên màn hình, Apple đã chấp nhận điều này để đặt cụm camera TrueDepth mới của hãng.\r\niPhone X sử dụng tấm nền OLED (được tinh chỉnh bởi Apple) thay vì LCD như những chiếc iPhone trước đây và điều này đem lại cho máy 1 màu đen thể hiện rất sâu cùng khả năng tái tạo màu sắc không kém phần chính xác.', 'Sạc, Tai nghe, Sách hướng dẫn, Jack chuyển tai nghe 3.5mm, Cáp, Cây lấy sim.', '12'),
(22, 1, 2, 'Điện thoại Samsung Galaxy S9+ 128GB', '24490000', 'https://cdn.tgdd.vn/Products/Images/42/154695/samsung-galaxy-s9-plus-128gb-400x460-400x460.png', 'Màn hình: Super AMOLED, 6.2\", Quad HD+ (2K+)\r\nHệ điều hành: Android 8.0 (Oreo)\r\nCamera sau: 2 camera 12 MP\r\nCamera trước: 8 MP\r\nCPU: Exynos 9810 8 nhân 64 bit\r\nRAM: 6 GB\r\nBộ nhớ trong: 128 GB\r\nThẻ nhớ: MicroSD, hỗ trợ tối đa 400 GB\r\nThẻ SIM: 2 SIM Nano (SIM 2 chung khe thẻ nhớ), Hỗ trợ 4G\r\nDung lượng pin:	3500 mAh, có sạc nhanh', 'Samsung Galaxy S9 Plus 128Gb, siêu phẩm smartphone hàng đầu trong thế giới Android đã ra mắt với màn hình vô cực, camera chuyên nghiệp như máy ảnh và hàng loạt những tính năng cao cấp đầy hấp dẫn.\r\nThiết kế hoàn thiện hơn :\r\nKhông có một sự lột xác về thiết kế, chiếc điện thoại Samsung năm nay chỉ cải tiến một vài điểm thiết kế đã quá hoàn hảo từ thế hệ Galaxy S8 trước đây.\r\nKhung của máy vẫn là kim loại kết hợp 2 mặt kính cường lực được bo cong các cạnh đầy \"quyến rũ\" và hiện đại.\r\n\"Màn hình vô cực\" trên Samsung S9 Plus được làm mỏng hơn ở các cạnh viền cho trải nghiệm sử dụng ấn tượng hơn, kích thước máy thu gọn lại giúp cầm nắm sử dụng thuận tiện.\r\nMàn hình vô cực siêu nét:\r\nĐặc trưng là màn hình lớn nên chiếc Samsung Galaxy S9 Plus sẽ sở hữu màn hình có kích thước 6.2 inch với độ phân giải 2K+ (1440 x 2960 Pixels) cho chất lượng hiển thị siêu sắc nét.\r\nMáy vẫn sẽ trung thành với tấm nền Super AMOLED và được bảo vệ bởi tấm kính cường lực Corning Gorilla Glass 5 cao cấp.\r\nHiệu năng hàng đầu:\r\nChắc chắn rồi, dòng Samsung Galaxy S luôn mạnh mẽ vượt trội mỗi khi ra mắt. Thế hệ S9 Plus được trang bị vi xử lý Exynos 9810 8 nhân 64 bit hàng đầu hiện nay kết hợp cùng bộ nhớ RAM lên đến 6 GB và bộ nhớ trong 128 GB. Máy sẽ sử dụng hệ điều hành Android 8.0 khi ra mắt cùng giao diện độc quyền của Samsung.', 'Màn hình: Super AMOLED, 6.2\", Quad HD+ (2K+)\r\nHệ điều hành: Android 8.0 (Oreo)\r\nCamera sau: 2 camera 12 MP\r\nCamera trước: 8 MP\r\nCPU: Exynos 9810 8 nhân 64 bit\r\nRAM: 6 GB\r\nBộ nhớ trong: 128 GB\r\nThẻ nhớ: MicroSD, hỗ trợ tối đa 400 GB\r\nThẻ SIM: 2 SIM Nano (SIM 2 chung khe thẻ nhớ), Hỗ trợ 4G\r\nDung lượng pin:	3500 mAh, có sạc nhanh', '12'),
(23, 1, 10, 'Điện thoại Sony Xperia XZ Dual', '9990000', 'https://cdn.tgdd.vn/Products/Images/42/85235/sony-xperia-xz-h-1-400x460.png', 'Màn hình: IPS HDR LCD, 5.2\", Full HD\r\nHệ điều hành: Android 8.0 (Oreo)\r\nCamera sau: 19 MP\r\nCamera trước: 13 MP\r\nCPU: Qualcomm Snapdragon 835 8 nhân 64-bit\r\nRAM: 4 GB\r\nBộ nhớ trong: 64 GB\r\nThẻ nhớ: MicroSD, hỗ trợ tối đa 256 GB\r\nThẻ SIM: 2 Nano SIM, Hỗ trợ 4G\r\nDung lượng pin:	2700 mAh, có sạc nhanh', 'Sony Xperia XZ Dual với thiết kế cực đẹp, cùng camera chất lượng hơn, nhiều tính năng tiện ích hơn.\r\nThiết kế sang trọng :\r\nCải tiến hơn so với thiết kế truyền thống của dòng điện thoại Sony, Xperia XZ mang trên mình diện mạo mới - đẹp hơn, sang trọng hơn. \r\nCấu hình mạnh mẽ:\r\nMang trên mình vi xử lý mới nhất Snapdragon 820 4 nhân 64-bit chip đồ họa Adreno 530, bộ nhớ RAM 3 GB cùng 64 GB bộ nhớ trong. Cấu hình mạnh mẽ giúp Xepria XZ xử lý các tác vụ đa nhiệm tốt, chơi các game với đồ họa cao.\r\nMáy ảnh tốt:\r\nVới cảm biến ảnh 23 MP cùng nhiều công nghệ tiên tiến như chống rung 5 trục, lấy nét bằng laser... Sony Xperia XZ thực sự trở thành một thiết bị nhiếp ảnh di động chuyên nghiệp. Hình ảnh chụp từ Xperia XZ có độ phân giải tốt, lấy nét nhanh cùng nhiều tính năng độc đáo.', 'Sạc, Tai nghe, Sách hướng dẫn, Cáp.', '12'),
(24, 1, 10, 'Điện thoại Sony Xperia XZ1', '8990000', 'https://cdn.tgdd.vn/Products/Images/42/108680/sony-xperia-xz1-xanh-2-400x460.png', 'Màn hình: IPS HDR LCD, 5.2\", Full HD\r\nHệ điều hành: Android 8.0 (Oreo)\r\nCamera sau: 19 MP\r\nCamera trước: 13 MP\r\nCPU: Qualcomm Snapdragon 835 8 nhân 64-bit\r\nRAM: 4 GB\r\nBộ nhớ trong: 64 GB\r\nThẻ nhớ: MicroSD, hỗ trợ tối đa 256 GB\r\nThẻ SIM: 2 Nano SIM, Hỗ trợ 4G\r\nDung lượng pin:	2700 mAh, có sạc nhanh', 'Sony Xperia XZ1 là mẫu flagship kế tiếp của Sony tiếp nối sự thành công của chiếc Xperia XZs đã ra mắt trước đó với những nâng cấp nhẹ về mặt cấu hình và thiết kế.\r\nThiết kế quen thuộc:\r\nĐiện thoại Sony Xperia XZ1 vẫn mang trong mình ngôn ngữ thiết kế quen thuộc của Sony trong những năm gần đây với các góc cạnh vuông vức, nam tính.\r\nMáy được trang bị công nghệ màn hình TRILUMINOSTM kích thước 5.2 inch cùng độ phân giải Full HD giúp hình ảnh hiển thị tốt, màu sắc trung thực và thời lượng pin được tăng cường đáng kể nhờ màn hình không quá to.\r\nNgoài ra Sony còn trang bị cho máy công nghệ màn hình HDR đem lại khả năng hiển thị vượt trội so với các màn hình có cùng độ phân giải.\r\nCấu hình hàng đầu:\r\nSony Xperia XZ1 nhiều khả năng sẽ sở hữu con chip Qualcomm Snapdragon 835 8 nhân 64-bit cao cấp, 4 GB RAM cùng 64 GB bộ nhớ trong.\r\nCấu hình mạnh mẽ giúp Xepria XZ1 xử lý các tác vụ đa nhiệm tốt, chơi các game với đồ họa cao.\r\nBên cạnh đó, máy còn có khe cắm mở rộng với thẻ MicroSD hỗ trợ tối đa 256 GB, kết nối 4G LTE Cat 16 với tốc độ cực nhanh, hệ điều hành mới Android 8.0 ổn định, bảo mật và nhiều tiện ích.\r\nCamera chất lượng:\r\nXZ1 sẽ tiếp tục phát huy những thế mạnh mà chiếc XZs trước đó đã làm được với khả năng quay video super slow motion lên tới 960 khung hình trên giây mang lại cho người dùng những thước phim độc nhất vô nhị để chia sẻ với bạn bè.\r\nCamera chính vẫn sẽ giữ nguyên độ phân giải 19 MP, được trang bị cảm biến hình ảnh ba chiều và đặc biệt là hệ thống chống rung 5 trục mang lại chất lượng hình ảnh tốt hơn khi chụp.\r\nCamera trước cũng sở hữu độ phân giải lên tới 13 MP, hỗ trợ lấy nét tự động và được tích hợp sẵn chế độ làm đẹp mang lại những bức ảnh selfie chất lượng.\r\nVới mức giá bán khá hấp dẫn cho một chiếc flagship và với những ai đã yêu thích các sản phẩm của Sony thì Xperia XZ1 xứng đáng là sản phẩm đáng sở hữu trong năm 2017.', 'Sạc, Tai nghe, Sách hướng dẫn, Cáp.', '12'),
(25, 1, 9, 'Điện thoại Huawei Nova 3', '11990000', 'https://cdn.tgdd.vn/Products/Images/42/142162/huawei-nova-3-purple-400x460.png', 'Màn hình: LTPS LCD, 6.3\", Full HD+\r\nHệ điều hành: Android 8.1 (Oreo)\r\nCamera sau: 24 MP và 16 MP (2 camera)\r\nCamera trước: 24 MP và 2 MP (2 camera)\r\nCPU: Hisilicon Kirin 970 8 nhân\r\nRAM: 6 GB\r\nBộ nhớ trong: 128 GB\r\nThẻ nhớ: MicroSD, hỗ trợ tối đa 256 GB\r\nThẻ SIM: 2 SIM Nano (SIM 2 chung khe thẻ nhớ), Hỗ trợ 4G\r\nDung lượng pin:	3750 mAh, có sạc nhanh', 'Nếu như bạn là một người yêu thích thiết kế của siêu phẩm Huawei P20 Pro nhưng cần một mức giá dễ chịu hơn thì Huawei Nova 3 sẽ là một sự lựa chọn phải chăng dành cho bạn.\r\nThiết kế thân máy chuyển màu độc đáo:\r\nẤn tượng đầu tiên của bạn về chiếc điện thoại Huawei này chắc hẳn phải là thiết kế độc đáo của máy.\r\nMặt lưng của điện thoại lúc thì như được chia làm hai nửa xanh và tím, lúc thì hai tông màu này như hòa vào với nhau đã tạo nên hiệu ứng thị giác rất thú vị.\r\nMàn hình tràn viền sắc nét:\r\nMáy sở hữu một màn hình kích thước lớn 6.3 inch nhưng do có tỉ lệ 19:9 nên thiết kế tổng thể không bị \"phình\" ra, bỏ túi cũng không cấn do mặt lưng làm cong, giúp thân máy vẫn gọn gàng.\r\n4 camera tích hợp trí tuệ nhân tạo AI:\r\nBộ đôi camera chính với độ phân giải 24 MP và 16 MP cùng nhiều tính năng và chế độ chụp giúp bạn dễ dàng cho ra những bức ảnh sắc nét.\r\nAI nhận diện cảnh vật trên máy làm việc khá hiệu quả, các bức ảnh chụp từ máy khi sử dụng AI đều ấn tượng hơn so với thông thường khá nhiều.\r\nHiệu năng mạnh mẽ với chip Kirin 970:\r\nCung cấp sức mạnh cho máy là con chip Hisilicon Kirin 970 8 nhân, 6 GB RAM và 128 GB bộ nhớ trong.\r\nDung lượng pin khá cao:\r\nViên pin dung lượng 3750 mAh mang lại cho bạn thời gian sử dụng khá thoải mái trong khoảng 1 ngày.', 'Sạc, Tai nghe, Sách hướng dẫn.', '12'),
(26, 1, 2, 'Điện thoại Samsung Galaxy Note 8', '19990000', 'https://cdn.tgdd.vn/Products/Images/42/106211/samsung-galaxy-note8-black-400x460.png', 'Màn hình: Super AMOLED, 6.3\", Quad HD+ (2K+)\r\nHệ điều hành: Android 7.1 (Nougat)\r\nCamera sau: 2 camera 12 MP\r\nCamera trước: 8 MP\r\nCPU: Exynos 8895 8 nhân 64-bit\r\nRAM: 6 GB\r\nBộ nhớ trong: 64 GB\r\nThẻ nhớ: MicroSD, hỗ trợ tối đa 256 GB\r\nThẻ SIM: 2 Nano SIM, Hỗ trợ 4G\r\nDung lượng pin:	3300 mAh, có sạc nhanh', 'Galaxy Note 8 là niềm hy vọng vực lại dòng Note danh tiếng của điện thoại Samsung với diện mạo nam tính, sang trọng. Máy trang bị camera kép xóa phông thời thượng, màn hình vô cực như trên S8 Plus, bút S Pen cùng nhiều tính năng mới và nhiều công nghệ được ưu ái.\r\nMàn hình vô cực hiện đại tiên tiến:\r\nDù được giới thiệu là màn hình lên tới 6.3 inch nhưng thực sự khi cầm điện thoại Note 8 trên tay rất nhỏ gọn nhờ vào công nghệ \"màn hình vô cực\" tiên tiến nhất hiện nay của Samsung.\r\nCấu hình mạnh mẽ bậc nhất:\r\nĐiện thoại Samsung Galaxy Note 8 được cài sẵn hệ điều hành Android Nougat đi kèm với giao diện Samsung Experience mới nhất. Theo nhiều người dùng đánh giá thì đây có thể nói là bộ giao diện đẹp và hiệu quả nhất của Samsung tới tận bây giờ.\r\nCamera kép xoá phông chuẩn xác:\r\nCamera kép xóa phông trên Note 8 có thể nói là ... cảm giác như mình đang sử dụng một chiếc máy ảnh thực thụ vậy.\r\nSự đặc biệt ở SPen thần thánh:\r\nSuýt nữa thì quên không nhắc tới S-Pen thần thánh, chiếc bút đã làm nên thương hiệu của dòng Note. Như thường lệ thì S-Pen sẽ càng ngày càng \"khôn\" với những tính năng như viết ngay cả khi màn hình đã tắt, live message,... và điều thú vị nữa là S-Pen sẽ có cùng với màu máy luôn. Khỏi sợ đụng hàng nha.\r\nCuối cùng là pin 3.300 mAh trên Note 8 được cho là đuối hơn so với S8+ nhưng qua một số bài thử nghiệm cho thấy, khả năng trụ vững của Note 8 cũng khá đáng nể, khi vượt qua cả iPhone 7 Plus và Galaxy S8.', 'Sạc, Tai nghe, Sách hướng dẫn, Bút cảm ứng (+Ngòi bút), Cáp, Cây lấy sim, Ốp lưng, Adapter chuyển USB (Type C), Adapter chuyển Micro USB (USB OTG).', '12'),
(27, 2, 1, 'Laptop Macbook Pro 13 Touch Bar 512 GB (2018)', '49999000', 'http://cdn.fptshop.com.vn/Uploads/Originals/2018/9/4/636716712475449777_macbook-pro-13-touch-bar-256gb-2018-xam-3.jpg', 'Hãng CPU: Intel\r\nCông nghệ CPU: Core i5\r\nLoại CPU: Quad-Core\r\nTốc độ CPU: 2.3GHz\r\nBộ nhớ đệm: 8MB\r\nTốc độ tối đa: 3.8GHz\r\nChipset : Chip 4 nhân\r\nTốc độ Bus : 2133MHz\r\nHỗ trợ RAM tối đa : 16GB\r\nDung lượng RAM : 8GB\r\nLoại RAM : LPDDR3\r\nTốc độ BUS RAM : 2133MHz\r\nSố lượng khe RAM : 01\r\nLoại ổ đĩa : SSD\r\nDung lượng ổ đĩa : 512GB\r\nKhe cắm ổ SSD :	Không\r\nKích thước màn hình : 13.3 inch\r\nĐộ phân giải (W x H) : Retina (2560 x 1600 pixels)\r\nCông nghệ màn hình : Công nghệ True Tone, Công nghệ IPS, LED Backlit\r\nLAN : không có\r\nChuẩn Wi-Fi : 802.11ac Wi-Fi wireless networking; IEEE 802.11a/b/g/n compatible\r\nKết nối không dây khác : Bluetooth 5.0 wireless\r\nKích Thước : Dài 304.1 mm - Rộng 212.4 mm - Dày 14.9 mm\r\nTrọng lượng : 1370g\r\nChất liệu : Nhôm nguyên khối\r\nHệ điều hành : macOS High Sierra', 'MacBook Pro 13 Touch Bar 2018 là chiếc laptop hoàn hảo cho công việc với sức mạnh từ vi xử lý Intel thế hệ thứ 8, Touch Bar thông minh và màn hình Retina sắc nét đến từng chi tiết.\r\nVi xử lý Intel thế hệ thứ 8 bốn nhân:\r\nMacBook Pro 13 Touch Bar 2018 được trang bị bộ vi xử lý Intel core i5 thế hệ thứ 8 mới nhất, với bốn lõi thay vì chỉ hai lõi như các thế hệ trước đây. Với tốc độ 2,3GHz Turbo Boost 3,8GHz, MacBook Pro 13 có hiệu năng CPU nhanh gấp đôi, xử lý tuyệt vời mọi tác vụ chuyên dụng. Bạn có thể thao tác thoải mái với những ứng dụng nặng như rending video 3D; thêm các hiệu ứng đặc biệt; xử lý bản nhạc đa phương tiện; lập trình các phần mềm phức tạp; … mọi thứ đều diễn ra nhanh chóng như ý muốn.\r\nXử lý đồ họa tuyệt đỉnh:\r\nSử dụng GPU đồ họa Intel Iris Plus Graphics 655 cực mạnh, với 128MB eDRAM, gấp đôi so với thế hệ trước, MacBook Pro 13 Touch Bar 2018 cho khả năng xử lý đồ họa mạnh hơn rất nhiều. Mọi game 3D hay các tác vụ đồ họa nặng đều sẽ diễn ra một cách trơn tru và mượt mà.\r\nMọi thứ trong tầm tay với Touch Bar:\r\nTouchBar là một bước tiến vượt trội trên MacBook Pro 13 2018 khi nó thay thế hoàn toàn hàng phím chức năng trước đó, thay đổi thói quen sử dụng laptop của bạn. Với sự tùy chỉnh cảm ứng linh hoạt, TouchBar sẽ tự động thay đổi dựa trên ứng dụng và hành động bạn đang làm một cách thông minh để bạn thao tác tiện dụng nhất. TouchBar còn có thêm các thao tác nhấn giữ, vuốt trượt để thay đổi mọi thứ bạn muốn MacBook Pro 13 TouchBar 2018.\r\nCảm biến vân tay Touch ID, bảo mật ngay trên đầu ngón tay:\r\nChỉ với một lần chạm, bạn đã có thể mở khóa MacBook Pro 13 Touch Bar 2018 ngay lập tức với cảm biến vân tay Touch ID. Không chỉ vậy, Touch ID còn có thể dùng thay cho xác nhận mật khẩu hay thanh toán online, đây là phương thức bảo mật nhanh chóng và an toàn nhất dành cho bạn.\r\nBàn phím và Trackpad êm ái:\r\nMacBook Pro 13 Touch Bar 2018 tiếp tục sử dụng bàn phím theo cơ chế bướm (butterfly), cho trải nghiệm gõ phím thoải mái cũng như khả năng ổn định phím gấp 4 lần bàn phím truyền thống. Không chỉ vậy, bàn phím chiếc MacBook này còn được làm êm hơn, gõ cực nhẹ và tiếng động cực nhỏ. Bàn di chuột cảm ứng Force Touch đã thành thương hiệu của MacBook cực kỳ rộng rãi, phản hồi nhanh với mọi cử chỉ của bạn.', 'Cáp USB-C Charge Cable (2 m) và Củ sạc 61W USB-C Power Adapter.', '12'),
(28, 2, 1, 'Laptop Macbook Pro 15 Touch Bar 512 GB (2018)', '69999000', 'http://cdn.fptshop.com.vn/Uploads/Originals/2018/8/15/636699431898530051_macbookpro-13-15-3.png', 'Hãng CPU : Intel\r\nCông nghệ CPU :	Core i7\r\nLoại CPU : 6-core\r\nTốc độ CPU : 2.6GHz\r\nBộ nhớ đệm : 9MB\r\nTốc độ tối đa :	4.3GHz\r\nHỗ trợ RAM tối đa : 32GB RAM\r\nDung lượng RAM : 16GB\r\nLoại RAM : DDR4\r\nTốc độ BUS RAM : 2400MHz\r\nSố lượng khe RAM : 01\r\nLoại ổ đĩa : SSD\r\nDung lượng ổ đĩa : 512GB\r\nKhe cắm ổ SSD :	Không\r\nChipset đồ họa : Radeon Pro 560X\r\nBộ nhớ đồ họa :	4GB of GDDR5 \r\nKiểu thiết kế đồ họa :	Intel UHD Graphics 630\r\nKích thước màn hình : 15.4 inch\r\nĐộ phân giải (W x H) : Retina (2880 x 1800 pixels)\r\nCông nghệ màn hình : Công nghệ True Tone, Công nghệ IPS, LED Backlit\r\nCảm ứng : Không\r\nKênh âm thanh :	Stereo speakers with high dynamic range\r\nCó sẵn đĩa quang : không có\r\nCổng giao tiếp : 4 cổng USB-C tích hợp Thunderbolt 3 và 1 cổng tai nghe 3.5\r\nTính năng mở rộng : không có\r\nLAN : không có\r\nChuẩn Wi-Fi : 802.11ac Wi-Fi wireless networking; IEEE 802.11a/b/g/n compatible\r\nKết nối không dây khác : Bluetooth 5.0 wireless\r\nĐộ phân giải : 720p FaceTime HD camera\r\nHệ điều hành :	macOS High Sierra\r\nCảm biến vân tay : Có\r\nĐèn bàn phím : Có\r\nBàn phím số : Không \r\nKích Thước : Dài 34.93 mm - Rộng 24.07 mm - Dày 15.5 mm\r\nTrọng lượng : 1830g\r\nChất liệu : Nhôm nguyên khối', 'MacBook Pro 15 Touch Bar 2018 là chiếc laptop mạnh nhất hiện nay cho công việc, với sự hỗ trợ từ Touch Bar thông minh sẽ thay đổi thói quen sử dụng laptop của bạn.\r\nVi xử lý Intel Core i7 thế hệ thứ 8:\r\nMacBook Pro 15 Touch Bar 2018 được trang bị bộ vi xử lý Intel Core i7 thế hệ thứ 8 mới nhất với 6 nhân cực mạnh, mạnh hơn tới 70% so với thế hệ trước. Với tốc độ 2,2GHz Turbo Boost 4,1GHz, MacBook Pro 15 có hiệu năng CPU siêu nhanh, xử lý tuyệt vời mọi tác vụ chuyên dụng. Bạn có thể thao tác thoải mái với những ứng dụng nặng như rending video 3D; thêm các hiệu ứng đặc biệt; xử lý bản nhạc đa phương tiện; lập trình các phần mềm phức tạp; … mọi thứ đều diễn ra nhanh chóng như ý muốn.\r\nXử lý đồ họa tuyệt đỉnh:\r\nSử dụng GPU đồ họa rời Radeon Pro 555X cực mạnh, MacBook Pro 15 Touch Bar 2018 là một trong những chiếc laptop xử lý đồ họa tốt nhất hiện nay. GPU này có bộ nhớ 4GB GDDR5, cho hiệu suất tùy chỉnh theo thời gian thực, luôn mang lại hiệu quả cao nhất trong từng tác vụ của bạn. Những game 3D tuyệt đẹp hay những phần mềm xử lý đồ họa chuyên sâu, mọi thứ đều diễn ra mượt mà trên MacBook Pro 15 Touch Bar 2018.\r\nDung lượng RAM 16GB, làm việc nhiều hơn, chờ đợi ít hơn:\r\nDung lượng RAM có sẵn trên MacBook Pro 15 Touch Bar 2018 là 16GB DDR4 2400MHz, có thể nâng cấp lên tối đa 32GB. Dung lượng RAM cực lớn giúp cho tốc độ máy vẫn đảm bảo nhanh dù bạn làm việc với những file nặng, hay chạy quá nhiều ứng dụng cùng lúc và thậm chí cả giả lập máy ảo.\r\nLưu trữ nhiều hơn, tốc độ nhanh hơn:\r\nMacBook Pro 15 2018 sử dụng bộ nhớ flash SSD 512GB với tốc độ truyền dữ liệu cực nhanh. Tốc độ đọc lên tới 3,2GB/s và tốc độ ghi lên tới 2,2GB/s. Không chỉ đủ không gian cho bạn lưu trữ những nội dung cần thiết, ổ cứng SSD còn giúp tốc độ khởi động, mở đa nhiệm và truyền dữ liệu nhanh như chớp.\r\nMọi thứ trong tầm tay với Touch Bar:\r\nouchBar là một bước tiến vượt trội trên MacBook Pro 15 2018 khi nó thay thế hoàn toàn hàng phím chức năng trước đó, thay đổi thói quen sử dụng laptop của bạn. Với sự tùy chỉnh cảm ứng linh hoạt, TouchBar sẽ tự động thay đổi dựa trên ứng dụng và hành động bạn đang làm một cách thông minh để bạn thao tác tiện dụng nhất. TouchBar còn có thêm các thao tác nhấn giữ, vuốt trượt để thay đổi mọi thứ bạn muốn.\r\nSự thông minh của TouchBar thể hiện khi bạn sử dụng các ứng dụng phổ biến, ví dụ email hay soạn thảo văn bản. Thanh cảm ứng sẽ thay đổi để đưa ra các phím tắt và hành động tùy chỉnh thích hợp. Ngoài ra, cũng có rất nhiều ứng dụng bên thứ ba tương thích với TouchBar. Hãy sử dụng và cảm nhận, bạn sẽ thấy công việc của mình trôi chảy hơn rất nhiều trên MacBook Pro 15 TouchBar 2018.\r\nCảm biến vân tay Touch ID, bảo mật ngay trên đầu ngón tay:\r\nChỉ với một lần chạm, bạn đã có thể mở khóa MacBook Pro 15 Touch Bar 2018 ngay lập tức với cảm biến vân tay Touch ID. Không chỉ vậy, Touch ID còn có thể dùng thay cho xác nhận mật khẩu hay thanh toán online, đây là phương thức bảo mật nhanh chóng và an toàn nhất dành cho bạn.\r\nBàn phím và Trackpad êm ái:\r\nMacBook Pro 15 Touch Bar 2018 tiếp tục sử dụng bàn phím theo cơ chế bướm (butterfly), cho trải nghiệm gõ phím thoải mái cũng như khả năng ổn định phím gấp 4 lần bàn phím truyền thống. Không chỉ vậy, bàn phím chiếc MacBook này còn được làm êm hơn, gõ cực nhẹ và tiếng động cực nhỏ. Bàn di chuột cảm ứng Force Touch đã thành thương hiệu của MacBook cực kỳ rộng rãi, phản hồi nhanh với mọi cử chỉ của bạn.', 'Cáp USB-C Charge Cable (2 m) và Củ sạc 87W USB-C Power Adapter.', '12'),
(29, 2, 8, 'Laptop Lenovo Yoga 520 14IKBR i5 8250U/4GB/1TB/Win10/(81C80088VN)', '15190000', 'https://cdn.tgdd.vn/Products/Images/44/139282/lenovo-yoga-520-14ikbr-i5-8250u-4gb-1tb-win10-81c-450-450x300.jpg', 'CPU: Intel Core i5 Kabylake Refresh, 8250U, 1.60 GHz\r\nRAM: 4 GB, DDR4 (1 khe), 2400 MHz\r\nỔ cứng:	HDD: 1 TB, Hỗ trợ khe cắm SSD M.2\r\nMàn hình: 14 inch, Full HD (1920 x 1080)\r\nCard màn hình: Card đồ họa tích hợp, Intel® UHD Graphics 620\r\nCổng kết nối: 2 x USB 3.0, HDMI, USB Type-C\r\nĐặc biệt: Có đèn bàn phím, Có màn hình cảm ứng\r\nHệ điều hành: Windows 10 Home SL\r\nThiết kế: Vỏ nhựa, PIN liền\r\nKích thước: Dày 19.9 mm, 1.7 kg', 'Lenovo Yoga 520 14IKBR (81C80088VN) là mẫu máy tính mang xu hướng hiện đại thời trang – mỏng nhẹ và có cấu hình cao giúp xử lý tác vụ tiết kiệm thời gian.\r\nThiết kế thời trang và mới mẽ:\r\nLenovo Yoga 520 14IKBR (81C80088VN) có thiết kế trang nhã và đầy mới mẽ, máy dùng chất liệu vỏ nhựa với độ mỏng 19.9 mm và nhẹ 1.7 kg. Thích hợp cho những ai mang máy di chuyển nhiều nơi.\r\nMàn hình Full HD kết hợp tấm nền IPS:\r\nYoga 520 14IKBR trong bài viết sở hữu màn hình 14 inch với độ phân giải Full HD, tấm nền IPS và card tích hợp Intel UHD Graphics 620 cho bạn trải nghiệm hình ảnh sắc nét.\r\nNgoài ra, đặc điểm nổi bật ở mục này là màn hình của Lenovo Yoga 520 14IKBR có thể xoay gập 360 độ rất tiện lợi, bạn có thể gập lại và sử dụng cảm ứng như chiếc máy tính bảng.\r\nCấu hình Core i5 Kabylake Refresh :\r\nLenovo Yoga 520 14IKBR được trang bị sức mạnh Intel Core i5 Kabylake Refresh 1.6 GHz, RAM DDR4 4 GB giúp các phần mềm chạy đa nhiệm ổn định, mượt mà. Ổ cứng đi kèm là HDD 1 TB và đặc biệt máy có khe nâng cấp ổ cứng SSD M.2 nếu bạn có nhu cầu cao hơn, rất tiện lợi.\r\nBàn phím rộng và có độ nảy tốt:\r\nBàn phím có độ đàn hồi tốt giúp bấm phím thoải mái và còn có đèn để dễ dàng sử dụng trong điều kiện ánh sáng yếu hơn.\r\nMulti TouchPad - Bảo mật vân tay:\r\nNgoài việc có Multi TouchPad thông minh giúp sử dụng các thao tác tiện lợi nhanh chóng thì Lenovo Yoga 520 14IKBR i5 (81C80088VN) còn được tích hợp cảm biến bảo mật vân tay kế bên, giúp bảo vệ dữ liệu tốt hơn.', 'Sách hướng dẫn,Adapter sạc,Thùng máy.', '12'),
(30, 2, 8, 'Laptop Lenovo Ideapad 330 15IKBR i5 8250U/4GB/1TB/Win10/(81DE01KWVN)', '12490000', 'https://cdn.tgdd.vn/Products/Images/44/191992/lenovo-ideapad-330-15ikbr-81de01kwvn-450-600x600.jpg', 'CPU: Intel Core i5 Kabylake Refresh, 8250U, 1.60 GHz\r\nRAM: 4 GB, DDR4 (On board +1 khe), 2400 MHz\r\nỔ cứng:	HDD: 1 TB\r\nMàn hình: 15.6 inch, HD (1366 x 768)\r\nCard màn hình: Card đồ họa tích hợp, Intel® HD Graphics 620\r\nCổng kết nối: 2 x USB 3.0, HDMI, LAN (RJ45), USB Type-C\r\nHệ điều hành: Windows 10 Home SL\r\nThiết kế: Vỏ nhựa, PIN liền\r\nKích thước: Dày 22.9 mm, 2.2 Kg', 'Lenovo Ideapad 330 15IKBR i5 8250U là chiếc máy tính xách tay tầm trung tiếp theo được Lenovo ra mắt với kiểu dáng thiết kế trẻ trung và hiện đại. Đi kèm theo đó là con chip thế hệ thứ 8 Kabylake mạnh mẽ và tối ưu hiệu năng.\r\nThiết kế đơn giản tinh tế:\r\nLenovo Ideapad 330 15IKBR tuy được hoàn thiện từ chất liệu nhựa nhưng máy vẫn đem lại độ cứng cáp và chắc chắn nhất định. Bên cạnh đó, máy có độ mỏng chỉ 22.9 mm cùng trọng lượng là 2.2 kg trên kích thước 15.6 inch nên khá thuận tiện cho người dùng di chuyển khắp nơi.\r\nHiệu năng mượt mà:\r\nMáy sở hữu CPU Intel Core i5 Kabylake Refresh với xung nhịp 1.6 GHz đáp ứng khá mượt mà cho các tác vụ văn phòng và giải trí nhẹ nhàng. Ngoài ra, con chip này là loại chip dòng U giúp tiết kiệm năng lượng một cách tối ưu, nhờ thế mà thời gian sử dụng của người dùng sẽ được kéo dài hơn đáng kể.\r\nMàn hình HD rộng rãi:\r\nLenovo Ideapad 330 15IKBR được trang bị màn hình kích thước 15.6 inch với độ phân giải HD cùng công nghệ màn hình LED Backlit, đem đến cho người dùng những khung hình tươi sáng, rõ nét trên một không gian trải nghiệm vô cùng rộng rãi.\r\nÂm thanh ấn tượng:\r\nLenovo Ideapad 330 15IKBR sở hữu dàn loa kép đi kèm công nghệ Dolby Home Theater giúp chất âm trong trẻo, rõ nét hơn cũng như tạo nên hiệu ứng âm thanh vòm sống động trên loa ngoài và cả trên headphone nữa.\r\nBàn phím êm, độ nảy tốt:\r\nBàn phím được thiết kế theo dạng Full Size với độ rộng giữa các phím được sắp xếp hợp lý, có nộ nảy tốt giúp việc gõ phím nhanh và ít nhầm lẫn hơn. Hơn nữa, với việc có thêm hàng phím phụ giúp người dùng tính toán hay nhập số liệu nhanh hơn khá nhiều.\r\nCác cổng kết nối đa dạng:\r\nCác cổng kết nối trên Lenovo Ideapad 330 15IKBR khá đầy đủ bao gồm: USB 2.0, HDMI, khe thẻ SD và đặc biệt là cổng USB Type - C giúp truyền tải dữ liệu nhanh chóng. Ngoài ra, máy còn hỗ trợ cổng LAN (RJ45) đem lại khả năng kết nối internet luôn được ổn định khi tín hiệu đường truyền wifi không tốt.', 'Sách hướng dẫn, Thùng máy, Adapter sạc.', '12'),
(31, 2, 17, 'Laptop MSI GF63 8RD i7 8750H/8GB/1TB+128GB/4GB GTX1050Ti/Win10/(221VN)', '27490000', 'https://cdn.tgdd.vn/Products/Images/44/187931/msi-gf63-8rd-221vn-thumb-600x600.jpg', 'CPU: Intel Core i7 Coffee Lake, 8750H, 2.20 GHz\r\nRAM: 8 GB, DDR4 (2 khe), 2666 MHz\r\nỔ cứng:	HDD: 1 TB + SSD: 128GB, Hỗ trợ khe cắm SSD M.2 PCIe\r\nMàn hình: 15.6 inch, Full HD (1920 x 1080)\r\nCard màn hình:	Card đồ họa rời, NVIDIA GeForce GTX 1050Ti, 4GB\r\nCổng kết nối: HDMI 1.4, 3 x USB 3.1, LAN (RJ45), USB Type-C\r\nĐặc biệt: Có đèn bàn phím\r\nHệ điều hành: Windows 10 Home SL\r\nThiết kế: Vỏ kim loại, PIN liền\r\nKích thước: Dày 21.7 mm, 1.86 kg', 'MSI GF63 8RD là sự lựa chọn dành cho người dùng nói chung và game thủ nói riêng khi có ý định chọn mua laptop gaming của MSI. Máy được trang bị chip Intel Core i7 cùng card đồ hoạ rời NVIDIA GeForce GTX 1050Ti đủ sức chiến mọi game \"khủng\" hiện nay trên thị trường.\r\nThiết kế chuẩn Gaming hiện đại, tinh tế:\r\nMSI GF63 8RD được thiết kế với chất liệu chủ đạo là nhôm phay xước và mặt thông gió chữ X mang lại cho chiếc laptop chơi game này sự cân bằng hoàn hảo giữa thiết kế và hiệu suất. Dù vậy máy khá mỏng nhẹ và tinh tế với trọng lượng chỉ 1.86 kg và kích thước chỉ 21.7 mm. \r\nCấu hình mạnh mẽ:\r\nMáy được trang bị chip Intel Core i7 Coffee Lake 6 nhân với tốc độ CPU là 2.2 GHz đem lại một hiệu suất tuyệt vời. RAM DDR4 8 GB có thể nâng cấp lên tới 32 GB mang đến khả năng đa nhiệm tốt. Ổ cứng kết hợp HDD: 1 TB + SSD: 128 GB vừa đáp ứng nhu cầu lưu trữ thoải mái vừa đáp ứng tốc độ truyền dữ liệu. Đặc biệt, máy còn có card đồ hoạ rời NVIDIA GeForce GTX 1050Ti, 4 GB với hiệu năng vô cùng mạnh mẽ, xử lý các game đòi hỏi cấu hình, đồ hoạ cao cực tốt.\r\nMàn hình IPS viền siêu mỏng:\r\nMSI GF63 8RD với viền màn hình siêu mỏng 4.9 mm sẽ đem lại một trải nghiệm chơi game choáng ngợp từ mọi góc độ. Màn hình lớn 15.6 inch với độ phân giải Full HD (1920x1080) cùng tấm nền IPS mang đến hình ảnh sống động, tạo ra sự rõ ràng và tương phản rực rỡ.\r\nBàn phím có đèn nền:\r\nBàn phím từ hãng Steelseries nổi tiếng có thiết kế kích thước phím lớn cũng như từng phím được viền đỏ xung quanh để nổi bật hơn khi bật đèn nền bàn phím cũng có tông màu đỏ, hành trình phím khá ngắn sẽ phần nào hạn chế thao tác chơi game nhưng bù lại game thủ sẽ có tốc độ soạn văn bản là rất nhanh và thoải mái.\r\nHệ thống tản nhiệt:\r\nCác hốc tản nhiệt phụ cũng được làm cách điệu hình học kích thước lớn làm lộ các linh kiện phần cứng bên trong. Bốn chân đế cao su cùng nhiều đường gân nhựa cách điệu nhô cao lên để tăng diện tích tiếp xúc giữa máy và bề mặt giúp việc lấy gió từ bên ngoài vào hiệu quả hơn. Công nghệ Cooler Boost trang bị giúp cho hệ thống tỏa nhiệt nhanh hơn khi chơi game đồ họa nặng.\r\nCác cổng kết nối:\r\nMáy được trang bị đầy đủ các cổng kết nối cơ bản như HDMI 1.4, 3 x USB 3.1, LAN (RJ45). Cổng USB Type-C cho phép truyền dữ liệu nhanh và tiện lợi hơn gấp nhiều lần.', 'Dây nguồn, Sách hướng dẫn, Thùng máy, Adapter sạc.', '24');
INSERT INTO `sanpham` (`MaSanPham`, `MaLoaiSanPham`, `MaThuongHieu`, `TenSanPham`, `GiaSanPham`, `HinhSanPham`, `ThongSoKiThuat`, `DacDiemNoiBat`, `PhuKienSanPham`, `ThangBaoHanh`) VALUES
(32, 2, 5, 'Laptop Acer PREDATOR 21 X i7 7820HK/64GB/1TB+1TB/16GB GTX1080/Win10', '229000000', 'https://cdn.tgdd.vn/Products/Images/44/111923/acer-predator-21-x-i7-7820hk-den-dai-dien-450x300.jpg', 'Acer Predator 21X\r\nIntel Core i7-7820HK (2.9GHz Upto 3.9GHz, 8MB Cache, 4 Cores 8 Threads)\r\n64GB DDR4 SDRAM\r\n1TB PCIe SSD + 1TB HDD\r\nSli nVidia Geforce GTX 1080 SLI 16GB GDDR5X, 21\" Curved WFHD IPS Active Matrix TFT Color LCD (2560 x 1080)\r\nIEEE 802.11ac\r\nBluetooth, LAN\r\nMechanical Keyboard CheeryMX Switch, 8 cell, 8.5kg\r\nWindows 10 Home 64bit', 'ACER PREDATOR 21X – VŨ KHÍ THỐNG TRỊ:\r\nMàn hình Cong 21” IPS độc nhất vô nhị\r\nCấu hình khủng long: 2 GPU GTX 1080Ti SLI 16GB GDDR5X\r\n“Tam nhãn” Tobii Eye – điều khiển bằng mắt\r\nHỗ trợ lên tới 4 SSD PCDIe chạy RAID 0\r\n5 quạt tản nhiệt với 3 quạt AeroBlade 3D bằng Kim loại siêu mảnh 0.1mm\r\n6 Loa chất lượng cao\r\nCPU Core i7-7820HK overclock\r\nBattery 8 Cell Li-ion\r\nBộ tản nhiệt 9 ống đồng với thiết kế khí động học hoàn hảo\r\nBàn phím cơ CheeryMX Switch mang lại trải nghiệm gaming hoàn hảo trên đầu ngón tay', '3-n-1 Accessory Kit (Blue Key caps, cap switcher & screwdriver), 2 x 330W AC Adapters, AC Power Cord.', '12'),
(33, 3, 8, 'Lenovo Phab 2', '3690000', 'http://cdn.fptshop.com.vn/Uploads/Originals/2017/8/8/636377986887279149_Lenovo-Phab-2-1.png', 'Màn hình : 6.4 inch, 1280 X 720 pixels\r\nCamera trước : 5.0 MP\r\nCamera sau : 13.0 MP\r\nCPU : MediaTek® MT8735\r\nGPU : Mali-T720 MP2\r\nRAM : 3 GB\r\nBộ nhớ trong : 32 GB\r\nHỗ trợ 3G: Có, Wi-Fi: Wi-Fi 802.11 b/g/n, Wi-Fi hotspot, Bluetooth: 4.0, A2DP\r\nThời gian sử dụng : 7 giờ\r\nHệ điều hành : Android 6.0 (Marshmallow)', '\"Chọn một mà được hai\" đó chính là chiếc smartphone lai máy tính bảng Lenovo Phab 2 GB. Đây là sản phẩm có thiết kế bắt mắt, màn hình khá, hiệu năng ổn đi kèm với viên pin dung lượng lớn đáp ứng một ngày sử dụng tần suất nhiều.\r\nThiết kế là một chiếc smartphone lai máy tính bảng:\r\nLenovo Phab 2 GB không khác biệt nhiều về thiết kế so với với Phab. Thoạt đầu, khi nhìn lướt qua mặt trước và phần khung viền, máy trông khá giống một chiếc iPhone 6 phóng to với kích thước thon dài, mỏng và khá nhẹ. Dù có màn hình lớn tới 6.98 inch nhưng máy không lớn hơn 1 chiếc điện thoại là bao, rõ ràng định hướng của Lenovo về sản phẩm này là một chiếc smartphone lai máy tính bảng nên việc tối ưu kích thước là dễ hiểu.\r\nMặt lưng của máy được làm từ nhựa polycarbonate và được phủ một lớp nhung giúp chống bám vân tay khi sờ vào nó rất mềm mại, tạo cảm giác khá thích thú.\r\nMáy có thiết kế ổn với khung viền giả kim loại và bo tròn 4 góc cho cảm giác cầm nắm tốt, kể cả khi sử dụng bằng một tay. Máy được gia công tỉ mỉ, độ hoàn thiện tốt mang lại sự chắc chắn - một điều khá cần thiết cho một phablet màn hình lớn.', 'Thân máy, Cáp USB, Sạc, Sách HDSD.', '12'),
(34, 3, 8, 'Lenovo TB-8504X', '3690000', 'http://cdn.fptshop.com.vn/Uploads/Originals/2018/2/6/636535124941604084_TB-7304F--1.jpg', 'Màn hình : 8\", 1280 * 800\r\nCamera trước : 2.0MP\r\nCamera sau : 5.0MP\r\nCPU : MSM8917 Qualcomm Snapdragon 425, Quad-Core\r\nGPU : GPU Renderer: Adreno (TM) 308\r\nBộ nhớ trong : 16Gb\r\nHỗ trợ 3G: WCDMA: 900/2100 MHz, 4G LTE: LTE: B1 (2100)/3 (1800)/7 (2600)/8 (900)/20 (800) MHz, Wi-Fi: 802.11 b/g/n, Bluetooth: Bluetooth 4.1\r\nThời gian sử dụng : 10 tiếng', 'Lenovo TB-8504X - một cái tên khá xa lạ với người dùng Việt Nam nhưng ít ai biết rằng đây cũng chính là chiếc tablet Tab 4 8” của Lenovo được giới thiệu cách đây không lâu.\r\nLà phiên bản nâng cấp của chiếc Tab 3 8 tiền nhiệm, TB-8504X đem đến cho người dùng vẻ ngoài “lạ mà quen” với các đường nét đầy đặc trưng của Lenovo. Điển hình có thể nhắc đến thiết kế nguyên khối bao phủ toàn bộ sản phẩm, nhưng phần viền màn hình giờ đây đã thon gọn hơn rất nhiều, từ đó tạo cho người dùng cảm giác hiện đại mỗi khi cầm sản phẩm trên tay và trải nghiệm. Vẫn còn đó các cổng kết nối cần thiết cũng như hệ thống loa stereo trải đều ra 2 cạnh của sản phẩm.\r\nLenovo TB-8504X được trang bị màn hình có kích thước 8” với độ phân giải chỉ (1280 x 800 pixel). Tuy nhiên chất lượng hiển thị của máy lại tương đối ấn tượng, hình ảnh dù chưa thật sự sắc nét nhưng mà sắc lại tương dối trung thực và không quá rực rỡ, nhờ vậy mà người dùng sẽ ít gặp phải hiện tượng mỏi mắt mỗi khi sử dụng máy trong thời gian dài. Bên cạnh đó, tấm nền IPS sẽ giúp cho TB-8504X có góc nhìn rộng hơn cũng như khả năng hiển thị ngoài trời tốt hơn khá nhiều. Hệ thống 2 loa stereo được trang bị trên TB-8504X đem đến chất lượng âm thanh có thể nói là khá ổn. Mặc dù bass còn hơi yếu và mid - treble chỉ ở mức khá nhưng âm thanh phát ra có chiều sâu và đủ sức làm sôi động một khán phòng nhỏ. \r\nLenovo TB-8504X được trang bị mức cấu hình khá cơ bản với 2 GB RAM, 16 GB bộ nhớ trong cùng con chip xử lý MSM8917 Qualcomm Snapdragon 425. Chi tiết hơn về cấu hình bạn đọc có thể tham khảo dưới đây: Với cấu hình này TB-8504X đem đến hiệu năng sử dụng tương đối ổn định, độ trễ không thường xuyên xảy ra với các tác vụ cơ bản như lướt Facebook,.lướt Web, xem phim giải trí.\r\nViên pin 4850 mAh của máy Lenovo TB-8504X cho thời gian lướt web liên tục lên tới 10 giờ 7 phút, vượt qua mức trung bình là 9 giờ 57 phút của một chiếc tablet.', 'Thân máy, Cáp USB, Sạc, Sách HDSD.', '12'),
(35, 4, 18, 'Dây cáp Micro USB 0.2 m Xmobile MU03', '20000', 'https://cdn.tgdd.vn/Products/Images/58/80637/cap-micro-usb-20cm-x-mobile-mu03-den-avatar-1-600x600.jpg', 'Jack cắm: Micro USB\r\nTính năng: Truyền dữ liệu, Sạc\r\nDòng sạc tối đa: 2A\r\nĐộ dài dây: 20 cm\r\nXuất xứ: Trung Quốc', 'Dây cáp Micro USB 0.2 m Xmobile MU03 có thiết kế đơn giản quen thuộc, chất lượng tốt đảm bảo an toàn cho người dùng và thiết bị khi sử dụng.\r\nKiểu dáng đơn giản, tiện dụng\r\nCáp thiết kế với 1 đầu micro USB kết nối với hầu hết cổng smartphone hiện nay, tương thích với các dòng điện thoại Samsung, HTC, LG, Lumia, Oppo, Sony... đầu cáp USB tương thích với mọi adapter hay cổng trên pin sạc, laptop…\r\nSạc pin, truyền tải dữ liệu cho thiết bị (điện thoại, máy tính bảng…)\r\nSản phẩm tiện dụng giúp bạn sạc pin cho thiết bị từ nguồn điện, hay pin sạc dự phòng, kết nối thiết bị với laptop để truyền tải dữ liệu...\r\nMang theo đi học, đi chơi, làm việc…\r\nChiều dài dây 20 cm vừa đủ để kết nối các thiết bị với nhau, đồng thời dây có thể gấp gọn hay cuộn lại dễ dàng giúp người dùng có thể mang theo mọi lúc mọi nơi.', 'Dây cáp.', '12'),
(36, 4, 18, 'Dây cáp Micro USB 2 m Xmobile MU03', '51000', 'https://cdn.tgdd.vn/Products/Images/58/77891/cap-micro-usb-2-m-xmobile-mu03-1000-avatar-1-600x600.jpg', 'Jack cắm: Micro USB\r\nTính năng: Truyền dữ liệu, Sạc\r\nDòng sạc tối đa: 2A\r\nĐộ dài dây: 2 m\r\nXuất xứ: Trung Quốc', 'Dây cáp Micro USB 0.2 m Xmobile MU03 có thiết kế đơn giản quen thuộc, chất lượng tốt đảm bảo an toàn cho người dùng và thiết bị khi sử dụng.\r\nKiểu dáng đơn giản, tiện dụng\r\nCáp thiết kế với 1 đầu micro USB kết nối với hầu hết cổng smartphone hiện nay, tương thích với các dòng điện thoại Samsung, HTC, LG, Lumia, Oppo, Sony... đầu cáp USB tương thích với mọi adapter hay cổng trên pin sạc, laptop…\r\nSạc pin, truyền tải dữ liệu cho thiết bị (điện thoại, máy tính bảng…)\r\nSản phẩm tiện dụng giúp bạn sạc pin cho thiết bị từ nguồn điện, hay pin sạc dự phòng, kết nối thiết bị với laptop để truyền tải dữ liệu...\r\nMang theo đi học, đi chơi, làm việc…\r\nChiều dài dây 20 cm vừa đủ để kết nối các thiết bị với nhau, đồng thời dây có thể gấp gọn hay cuộn lại dễ dàng giúp người dùng có thể mang theo mọi lúc mọi nơi.', 'Dây cáp.', '12'),
(37, 4, 18, 'Dây cáp Micro USB 1 m Xmobile MU03-1000', '65000', 'https://cdn.tgdd.vn/Products/Images/58/75963/cap-micro-usb-x-mobile-mu03-1000-avatar-1-600x600.jpg', 'Jack cắm: Micro USB\r\nTính năng: Truyền dữ liệu, Sạc\r\nDòng sạc tối đa: 2A\r\nĐộ dài dây: 1 m\r\nXuất xứ: Trung Quốc', 'Dây cáp Micro USB 0.2 m Xmobile MU03 có thiết kế đơn giản quen thuộc, chất lượng tốt đảm bảo an toàn cho người dùng và thiết bị khi sử dụng.\r\nKiểu dáng đơn giản, tiện dụng\r\nCáp thiết kế với 1 đầu micro USB kết nối với hầu hết cổng smartphone hiện nay, tương thích với các dòng điện thoại Samsung, HTC, LG, Lumia, Oppo, Sony... đầu cáp USB tương thích với mọi adapter hay cổng trên pin sạc, laptop…\r\nSạc pin, truyền tải dữ liệu cho thiết bị (điện thoại, máy tính bảng…)\r\nSản phẩm tiện dụng giúp bạn sạc pin cho thiết bị từ nguồn điện, hay pin sạc dự phòng, kết nối thiết bị với laptop để truyền tải dữ liệu...\r\nMang theo đi học, đi chơi, làm việc…\r\nChiều dài dây 20 cm vừa đủ để kết nối các thiết bị với nhau, đồng thời dây có thể gấp gọn hay cuộn lại dễ dàng giúp người dùng có thể mang theo mọi lúc mọi nơi.', 'Dây cáp.', '12'),
(38, 4, 19, 'Sạc Anker 2 Cổng PowerPort II 24w - A2027', '410000', 'https://hoanghamobile.com/Uploads/Originals/2018/09/12/201809121105213244_untitled_design.png', 'Sạc Anker 2 Cổng PowerPort II 24w - A2027', 'Đồng Bộ Dữ Liệu Cực Nhanh:\r\nTruyền tải dữ liệu đến và đi từ tất cả các thiết bị USB-C của bạn ở tốc độ lên đến 480Mbps.\r\nTốc độ sạc nhanh nhất:\r\nMột trong số ít dây cáp sạc hỗ trợ đầy đủ USB-C. Cung cấp tốc độ sạc nhanh nhất cho laptop, điện thoại và các thiết bị hỗ trợ.\r\nHỗ trợ cổng Power Delivery và Qualcomm Quick Charge.\r\nCực kỳ bền:\r\nChúng tôi đã thử nghiệm bằng cách bẻ cong đầu cáp hơn 5000 lần, nhưng  chất lượng cáp không thay đổi. Không cho thấy hư hỏng, hay bất cứ ảnh hưởng nào đến chất lượng của Cáp. Đây là thử nghiệm khó khăn nhất mà chúng tôi từng thấy.\r\nLấy vật liệu sản xuất áo giáp chống đạn ra làm cáp:\r\nMỗi sợi cáp được gia cố bằng sợi tổng hợp aramid. Đây là vật liệu chủ yếu để sản xuất áo giáp chống đạn. Đảm bảo sự bền bỉ trong thời gian dài.\r\nTừ sức mạnh đến sức mạnh:\r\nVỏ cáp làm bằng sợi nylon chống rối và đầu cáp bọc thép. Cáp USB-C Anker Powerline+ được thiết kế để chịu được bất kỳ giật, xoắn, kéo dài.', 'Sạc Anker 2 Cổng PowerPort II 24w - A2027', '15'),
(39, 4, 19, 'Cáp Anker PowerLine+ USB-C ra USB-C 2.0 - Dài 0.9m - A8187', '315000', 'https://hoanghamobile.com/Uploads/Originals/2018/07/02/201807021133331804_6_437b83157adf4ce3b3a5c4a3b97e3761_grande.png', 'Cáp Anker PowerLine+ USB-C ra USB-C 2.0 - Dài 0.9m - A8187', 'Đồng Bộ Dữ Liệu Cực Nhanh:\r\nTruyền tải dữ liệu đến và đi từ tất cả các thiết bị USB-C của bạn ở tốc độ lên đến 480Mbps.\r\nTốc độ sạc nhanh nhất:\r\nMột trong số ít dây cáp sạc hỗ trợ đầy đủ USB-C. Cung cấp tốc độ sạc nhanh nhất cho laptop, điện thoại và các thiết bị hỗ trợ.\r\nHỗ trợ cổng Power Delivery và Qualcomm Quick Charge.\r\nCực kỳ bền:\r\nChúng tôi đã thử nghiệm bằng cách bẻ cong đầu cáp hơn 5000 lần, nhưng  chất lượng cáp không thay đổi. Không cho thấy hư hỏng, hay bất cứ ảnh hưởng nào đến chất lượng của Cáp. Đây là thử nghiệm khó khăn nhất mà chúng tôi từng thấy.\r\nLấy vật liệu sản xuất áo giáp chống đạn ra làm cáp:\r\nMỗi sợi cáp được gia cố bằng sợi tổng hợp aramid. Đây là vật liệu chủ yếu để sản xuất áo giáp chống đạn. Đảm bảo sự bền bỉ trong thời gian dài.\r\nTừ sức mạnh đến sức mạnh:\r\nVỏ cáp làm bằng sợi nylon chống rối và đầu cáp bọc thép. Cáp USB-C Anker Powerline+ được thiết kế để chịu được bất kỳ giật, xoắn, kéo dài.', 'Dây cáp.', '15'),
(40, 4, 19, 'Pin Dự Phòng Anker PowerCore+ 10050, QC 2.0', '855000', 'https://hoanghamobile.com/Uploads/Originals/2017/06/08/201706081408168911_anker-qc2.0.2.png', 'Dung lượng: 10500 mAh/ 36.18 Wh\r\nNguồn ra: Output: 5V/ 2.4A, 9V/ 2A, 12V/ 1.5A\r\nNguồn vào: Input: 5V/ 2A, 9V/ 2A (Hỗ trợ sạc nhanh Quick Charge 2.0)\r\nTrọng lượng: 236g\r\nKích thước: Size: 96 x 61 x 23mm', 'Anker PowerCore+ 10050 được tích hợp 3 công nghệ sạc nhanh trên một sản phẩm. Đảm bảo sạc được bất kỳ máy tính bảng, điện thoại nào đang có trên thị trường.\r\nĐầu tiên là sạc nhanh Quick Charge 2.0 tăng tốc độ sạc lên đến 75% \r\n\r\nTiếp theo là công nghệ sạc nhanh độc quyền của Anker là PowerIQ tự động chỉnh dòng sạc lên tới 2.4A.\r\n\r\nVà cuối cùng là công nghệ VoltageBoost tự động nhận diện và phát hiện trở khảng của cáp sạc và điều chỉnh tốc độ nhanh nhất có thể đạt được.\r\n\r\nAnker Power Core+ 10050 là pin dự phòng 10000mAh nhỏ gọn nhất hiện nay. Dễ dàng cầm gọn trong lòng bàn tay của bạn.\r\n\r\nHệ Thống  An Toàn MultiProtect\r\n\r\nBảo vệ thiết bị khi sạc quá dòng và các tính năng an toàn tiên tiến khác giúp cho bạn và thiết bị được an toàn.\r\n\r\nLàm Bằng Vật Liệu Cao Cấp\r\n\r\nĐược làm bằng vỏ nhôm kết hợp với đường cắt laser như  iPhone 5S, HTC M8, M9 hay HTC 10... và bên trong có thêm 1 lớp vỏ gia cố sẽ đem lại 1 sản phẩm không những đẹp, cao cấp mà còn an toàn tuyệt đối.\r\n\r\nSạc Lại Cực Nhanh\r\n\r\nVới việc hỗ trợ nguồn vào là 5V/ 2A, 9V/ 2A (Hỗ trợ sạc nhanh Quick Charge 2.0). Nếu bạn kết hợp với cục sạc nhanh Quick Charge 2.0 để sạc lại cho pin dự phòng Anker PowerCore+ 10050 thì bạn chỉ mất 4h để sạc đầy pin dự phòng này của Anker. Rút ngắn rất nhiều thời gian sạc lại cho pin dự phòng này.', 'Pin Dự Phòng Anker PowerCore+ 10050, QC 2.0.', '15'),
(41, 4, 19, 'Sạc Không Dây Anker Powerport Qi, 10w - A2513', '720000', 'https://hoanghamobile.com/Uploads/Originals/2018/02/03/201802031128259369_12.png', 'Input: 5V - 2A\r\nDC Output :5V - 1A ', 'Tính năng thông minh\r\n\r\nHệ thống kiểm soát nhiệt độ tự động kích hoạt chế độ an toàn tại nhiệt độ 42°C. Phòng chống sạc quá dòng, sạc đủ cho điện thoại của bạn.\r\n\r\nThông báo bằng đèn LED\r\n\r\nMàu đỏ có nghĩa là nó đã sẵn sàng để sạc, màu xanh đang sạc, và cả hai cùng nhau để cho bạn biết thiết bị của bạn đã được sạc đầy. đèn nhấp nháy có nghĩa là một thiết bị không được hỗ trợ chuẩn Qi.\r\n\r\nChứng Chỉ An Toàn.\r\n\r\nĐược chế tạo bằng những vật liệu tốt nhất của ngành công nghiệp và bảng mạch cao cấp. Mỗi sản phẩm sạc Anker PowerPort 6 được kiểm nghiệm nghiêm ngặt để đảm bảo độ an toàn và đã đạt được chứng chỉ an toàn CE, FCC, RoHS & UL.', 'Sạc Không Dây Anker Powerport Qi, 10w - A2513', '15'),
(42, 5, 1, 'Apple Watch Series 3 GPS, 42mm viền nhôm, dây cao su màu đen', '9990000', 'https://cdn.tgdd.vn/Products/Images/1882/117878/dong-ho-apple-watch-3-phien-ban-42-mm-12-330x330-1-330x330.png', 'Loại màn hình: AMOLED\r\nKích thước: 1.65 inch\r\nĐộ phân giải: 390 x 312 pixels\r\nKính cường lực: Ion-X strengthened glass\r\nHệ điều hành: watchOS 4.0\r\nCPU: Apple S3 2 nhân\r\nLoa: Có\r\nMicrophone: Có\r\nKích thước: Dài 42.6 mm - Ngang 36.5 mm - Dày 11.4 mm\r\nTrọng lượng: 46.4 g\r\nChất liệu: Viền nhôm, dây cao su\r\nDung lượng pin: 334 mAh\r\nThời gian sử dụng pin: Khoảng 18 tiếng\r\nThiết bị kết nối: iPhone 6 trở lên\r\nBluetooth: Bluetooth v4.2, A2DP, LE\r\nWifi: 802.11 b/g/n (2.4 GHz)\r\nKết nối khác: NFC, GPS\r\nChống nước: Có', 'Thiết kế hiện đại năng động:\r\nVề mặt tổng thể Apple Watch Series 3 có kích thước tương tự như Apple Watch Series 2. Sản phẩm chú trọng thêm về mặt thẩm mỹ với thiết kế sang trọng, năng động, dây đeo có nhiều màu sắc khác nhau.\r\nDây đeo tháo rời tiện lợi:\r\nDây đeo của Apple Watch S3 GPS, 42mm viền nhôm được thiết kế với khả năng dễ dàng tháo rời, cho phép người dùng linh hoạt thay đổi bằng các dây đeo màu sắc khác.\r\nMàn hình 1.65 inch lớn hơn:\r\nMàn hình Apple Watch phiên bản 42 mm lớn 1.65 inch hiển thị chi tiết ảnh nhiều hơn, mặt đồng hồ cảm ứng trang bị mặt kính cường lực Ion-X giúp bảo vệ mặt kính chống trầy xước tốt và hiển thị tốt dù là dưới ánh mặt trời.\r\nKhả năng khán nước lên đến độ sâu 50m:\r\nApple Watch 3 cũng trang bị khả năng chống nước tốt và đã được nâng cấp, luôn sẵn sàng khi bạn bơi trong bể bơi hay lặn dưới biển.', 'Đồng hồ, Sách hướng dẫn, Sạc.', '12'),
(43, 5, 1, 'Apple Watch Series 3 GPS, 38mm viền nhôm, dây màu trắng xám', '8990000', 'https://cdn.tgdd.vn/Products/Images/1882/165290/apple-watch-s3-gps-38mm-mqku2vn-1-400x400.png', 'Loại màn hình: AMOLED\r\nKích thước: 1.65 inch\r\nĐộ phân giải: 390 x 312 pixels\r\nKính cường lực: Ion-X strengthened glass\r\nHệ điều hành: watchOS 4.0\r\nCPU: Apple S3 2 nhân\r\nLoa: Có\r\nMicrophone: Có\r\nKích thước: Dài 39.2 mm - Ngang 34 mm - Dày 11.8 mm\r\nTrọng lượng: 46.4 g\r\nChất liệu: Viền nhôm, dây cao su\r\nDung lượng pin: 334 mAh\r\nThời gian sử dụng pin: Khoảng 18 tiếng\r\nThiết bị kết nối: iPhone 6 trở lên\r\nBluetooth: Bluetooth v4.2, A2DP, LE\r\nWifi: 802.11 b/g/n (2.4 GHz)\r\nKết nối khác: NFC, GPS\r\nChống nước: Có', 'Thiết kế hiện đại năng động:\r\nVề mặt tổng thể Apple Watch Series 3 có kích thước tương tự như Apple Watch Series 2. Sản phẩm chú trọng thêm về mặt thẩm mỹ với thiết kế sang trọng, năng động, dây đeo có nhiều màu sắc khác nhau.\r\nDây đeo tháo rời tiện lợi:\r\nDây đeo của Apple Watch S3 GPS, 42mm viền nhôm được thiết kế với khả năng dễ dàng tháo rời, cho phép người dùng linh hoạt thay đổi bằng các dây đeo màu sắc khác.\r\nMàn hình 1.65 inch lớn hơn:\r\nMàn hình Apple Watch phiên bản 42 mm lớn 1.65 inch hiển thị chi tiết ảnh nhiều hơn, mặt đồng hồ cảm ứng trang bị mặt kính cường lực Ion-X giúp bảo vệ mặt kính chống trầy xước tốt và hiển thị tốt dù là dưới ánh mặt trời.\r\nKhả năng khán nước lên đến độ sâu 50m:\r\nApple Watch 3 cũng trang bị khả năng chống nước tốt và đã được nâng cấp, luôn sẵn sàng khi bạn bơi trong bể bơi hay lặn dưới biển.', 'Đồng hồ, Sách hướng dẫn, Sạc.', '12'),
(44, 5, 1, 'Apple Watch Series 3 GPS, 38mm viền nhôm, dây màu hồng', '8990000', 'https://cdn.tgdd.vn/Products/Images/1882/117880/dong-ho-apple-watch-3-phien-ban-38-mm-12-330x330-1-330x330.png', 'Loại màn hình: AMOLED\r\nKích thước: 1.65 inch\r\nĐộ phân giải: 390 x 312 pixels\r\nKính cường lực: Ion-X strengthened glass\r\nHệ điều hành: watchOS 4.0\r\nCPU: Apple S3 2 nhân\r\nLoa: Có\r\nMicrophone: Có\r\nKích thước: Dài 39.2 mm - Ngang 34 mm - Dày 11.8 mm\r\nTrọng lượng: 46.4 g\r\nChất liệu: Viền nhôm, dây cao su\r\nDung lượng pin: 334 mAh\r\nThời gian sử dụng pin: Khoảng 18 tiếng\r\nThiết bị kết nối: iPhone 6 trở lên\r\nBluetooth: Bluetooth v4.2, A2DP, LE\r\nWifi: 802.11 b/g/n (2.4 GHz)\r\nKết nối khác: NFC, GPS\r\nChống nước: Có', 'Thiết kế hiện đại năng động:\r\nVề mặt tổng thể Apple Watch Series 3 có kích thước tương tự như Apple Watch Series 2. Sản phẩm chú trọng thêm về mặt thẩm mỹ với thiết kế sang trọng, năng động, dây đeo có nhiều màu sắc khác nhau.\r\nDây đeo tháo rời tiện lợi:\r\nDây đeo của Apple Watch S3 GPS, 42mm viền nhôm được thiết kế với khả năng dễ dàng tháo rời, cho phép người dùng linh hoạt thay đổi bằng các dây đeo màu sắc khác.\r\nMàn hình 1.65 inch lớn hơn:\r\nMàn hình Apple Watch phiên bản 42 mm lớn 1.65 inch hiển thị chi tiết ảnh nhiều hơn, mặt đồng hồ cảm ứng trang bị mặt kính cường lực Ion-X giúp bảo vệ mặt kính chống trầy xước tốt và hiển thị tốt dù là dưới ánh mặt trời.\r\nKhả năng khán nước lên đến độ sâu 50m:\r\nApple Watch 3 cũng trang bị khả năng chống nước tốt và đã được nâng cấp, luôn sẵn sàng khi bạn bơi trong bể bơi hay lặn dưới biển.', 'Đồng hồ, Sách hướng dẫn, Sạc.', '12'),
(45, 5, 2, 'Samsung Gear S3 Frontier SM-R760', '6490000', 'https://www.mainguyen.vn/img/2016/09/product/colors/l/capnhat-gears3-classic-frontier-22.jpg', 'Kích thước: 49 x 46 x 12.9 mm\r\nMàn hình tròn 1.3” sAMOLED 360 x 360 (~278ppi)\r\nChipset: Dual-Core 1 GHz, 768MB RAM, bộ nhớ trong 4GB\r\nPin 380 mAh\r\nCảm biến tiệm cận, cảm biến con quay hồi chuyển, cảm biến ánh sáng và cảm biến nhịp tim\r\nMàn hình Always-On\r\nBluetooth v4.2, Wi-Fi 802.11 b/g/n\r\nChống nước chuẩn IP68\r\nHệ điều hành: Tizen', 'Sản phẩm chính hãng thương hiệu Samsung (Hàn Quốc)\r\nĐồng hồ thông minh chạy hệ điều hành Tizen dành cho các smartphone Android\r\nCó thể nghe gọi trên Gear S3 ở cả 2 phiên bản\r\nGear S3 có thiết kế dạng mặt đồng hồ cảm ứng tròn, mỏng nhẹ và nhỏ gọn bám chắc chắn vào cổ tay bạn\r\nVỏ làm từ thép không gỉ 316L\r\nĐiều chỉnh nhẹ nhàng, đơn giản với một vòng xoay bên ngoài mặt kình\r\nTheo dõi mức độ hoạt động hàng ngày của bạn\r\nGear S3 có thể đếm bước chân, đo nhịp tim và lượng calories bạn tiêu hao trong quá trình tập luyện\r\nKết nối với những chiếc xe Volkswagen để theo dõi hành trình hay mở cửa với một thao tác đơn giản\r\nSử dụng tính năng Samsung Pay trên đồng hồ để mua cafe, sử dụng dịch vụ và nhiều thao tác khác.\r\nCho phép lưu trữ tối đa 300 bài hát để bạn thưởng thức âm nhạc mọi lúc mọi nơi\r\nNhận và gửi tin nhắn thoại đồng thời với hình ảnh và văn bản', 'Thân máy, sạc, đế sạc, dây đeo bổ sung, sách HDSD.', '12'),
(46, 5, 2, 'Samsung Gear Fit 2 Pro', '3790000', 'https://cdn.tgdd.vn/Products/Images/1882/147042/samsung-gear-fit2-pro-2-330x330.png', 'Loại màn hình: AMOLED\r\nKích thước: 1.5 inch\r\nĐộ phân giải: 216 x 432 pixels\r\nKính cường lực: Có\r\nHệ điều hành: Tizen\r\nCPU: Không\r\nLoa: Không\r\nMicrophone: Không\r\nKích thước: Dài 5.13 cm - Ngang 2.5 cm \r\nTrọng lượng: 33 g\r\nChất liệu: Dây cao su\r\nDung lượng pin: 200 mAh\r\nThời gian sử dụng pin: Khoảng 3 - 4 ngày\r\nThiết bị kết nối: Android và iOS\r\nBluetooth: Có\r\nWifi	WiFi\r\nKết nối khác	GPS\r\nChống nước	Có', 'Vẫn kiểu dáng thon gọn như dòng Gear đời đầu, mặt đồng hồ hơi cong ôm sát cổ tay thoải mái hơn. Tính năng chăm sóc sức khỏe là điều không thể không có, cảm biến được đặt mặt sau đồng hồ, với các ứng dụng như đếm bước chân, đo nhịp tim, oxi, ghi lại quãng đường chặng bằng GPS...\r\nSử dụng công nghệ màn hình AMOLED giúp bạn theo dõi thông tin hiển thị khi ngoài trời được tốt hơn. Màu sắc và chi tiết hiện ra rất sắc sảo và rõ nét, rất dễ để đọc và thao tác.', 'Đồng hồ,Sách hướng dẫn,Hộp,Sạc', '12'),
(47, 5, 32, 'Vòng đeo tay thông minh GARMIN VIVOFIT 4 010-01847', '1890000', 'https://www.mainguyen.vn/img/2017/12/product/colors/l/Garmin-Vivofit-4---1-4969.jpg', 'Dây: 148-215 mm\r\nMàn hình: 11 mm x 11 mm; 88 x 88 pixels\r\nTrọng lượng: 25.5g\r\nPin: 2 x SR43 user-replaceable\r\nQuản lý bằng App Garmin Connect™ cập nhật thông tin hoạt động của bạn\r\nSản phẩm chính hãng Garmin', 'Vòng đeo thay thông minh dành cho smartphone và tablet sử dụng hệ điều hành Android, iOS\r\nĐếm bước chân, đo quãng đường, theo dõi giấc ngủ, đếm thời gian, phát hiện chuyển động move IQ\r\nTự nhận diện luôn cả loại thể thao mà bạn đang chơi mà không cần phải bấm chọn trước\r\nThiết bị đeo cổ tay có ngoại hình nhỏ gọn và một màn hình hiển thị luôn luôn sáng, kích thước đủ để xem giờ và các thông số cần thiết\r\nDây đeo kiểu luồn và cài chốt giống trên các mẫu đồng hồ thể thao\r\nChiếc Vívofit 4 này phù hợp với những ai muốn có một thiết bị đo sức khỏe liên tục, nhỏ gọn và pin lâu vì thời lượng pin của nó lên tới 1 năm chỉ với 1 viên pin tròn\r\nCó khả năng chống nước lên tới 50 mét nên việc đeo nó trong mọi hoàn cảnh là một điều rất dễ dàng\r\nChiếc Vívofit 4 có thể đo hầu hết các loại hoạt động thể dục thể thao của người đeo, bao gồm luôn các môn chạy bộ, đạp xe, bơi lội...\r\nĐiểm hay của nó là bất cứ khi nào người đeo luyện tập hay chơi thể thao là nó sẽ biết ngay và bắt đầu đo các chỉ số luôn chứ không cần phải bấm nút khởi động hay chọn môn trước để đo\r\nTrong lúc luyện tập, Vívofit 4 cũng liên tục đánh giá để biết những quãng nào là bạn tập luyện siêng nhất, hăng hái nhất trong một buổi luyện\r\nNhững lúc bạn ngồi nghỉ quá lâu thì Vívofit 4 có thể phát âm báo nhắc nhở bạn hãy vận động gì đó một chút\r\nCó thể đeo SmartWear liên tục 24/7 ở bất kỳ nơi đâu với khả năng chống nước cao chuẩn 5ATM (50m)', 'Garmin Vivofit 4, tài liệu HDSD.', '12'),
(48, 5, 33, 'Fossil Gen 4 Smartwatch - Q Explorist HR Brown Leather FTW4015', '8020000', 'https://www.mainguyen.vn/img/2018/10/product/colors/l/Fossil-FTW4015-6.jpg', 'Bộ nhớ: 4GB\r\nGiới tính: Nam\r\nMàu mặt: Stainless Steel\r\nKích thước mặt: 45mm\r\nĐộ dày: 13mm\r\nVật liệu: Thép không gỉ\r\nChất liệu dây: Leather Strap With Silicone Backing\r\nMàu dây: Brown\r\nĐộ rộng: 22mm', 'Đồng hồ thông minh FOSSIL của chúng tôi giúp bạn kết nối mọi lúc mọi nơi. Tùy chỉnh hiển thị toàn màn hình và ba nút với các tính năng nhỏ nhất của bạn, nhận thông báo (trên đường đi) và tự động theo dõi hoạt động của bạn từ các lối mòn đi bộ đường dài đến phòng tập thể dục.\r\nĐồng hồ thông minh được tích hợp với Wear OS by Google tương thích với điện thoại iPhone và Android\r\nĐồng hồ thông minh màn hình cảm ứng được xây dựng với Wear OS của Google yêu cầu điện thoại chạy Android OS 4.4+ (không bao gồm phiên bản Go) hoặc iOS 9.3+. Các tính năng được hỗ trợ có thể khác nhau giữa các nền tảng.\r\nConnectivity: Bluetooth Smart Enabled / 4.1 Low Energy, Wi-Fi 802.11 b/g/n\r\nBattery Life: Estimated all day\r\nFunctions: Heart Rate Tracking / GPS / NFC / Swimproof / Notifications / Personalize Your Dial / Control Your Music / Interchangeable Watch Band\r\nNhiệt độ bên ngoài: Có\r\nNhịp tim: Không\r\nTrình theo dõi hoạt động: Đo lường hoạt động và giấc ngủ\r\nMàn hình cảm ứng: Có\r\nThông báo: Social media / Tin nhắn / Email / Cảnh báo ứng dụng / Nhiều múi giờ / Đồng hồ báo thức / Cảnh báo lịch\r\nBộ hẹn giờ: Có\r\nVăn bản và giọng nói: Có\r\nĐộ chịu nước và bụi: 3ATM', 'Fossil smartwatch, Quick Start Guide, Inductive Charging Magnet.', '12'),
(49, 6, 10, 'Máy ảnh Sony Cyber-shot RX100 VI (DSC-RX100M6)', '30990000', 'https://www.mainguyen.vn/img/2018/06/product/colors/l/Sony-RX100-VI-9.jpg', 'Độ phân giải: 20.1 MP\r\n\r\nCảm biến ánh sáng: Exmor RS® CMOS loại 1.0\r\n\r\nBộ xử lý hình ảnh: BIONZ X\r\n\r\nỐng kính: ZEISS® Vario-Sonnar T* 24-200 mm F2.8-4.5\r\n\r\nZoom quang học: 8.0x\r\n\r\nMàn hình LCD: 7,5 cm (loại 3.0) (4:3) / 921.600 điểm / Xtra Fine / LCD TFT; Góc có thể điều chỉnh lên xấp xỉ 180 độ, xuống xấp xỉ 90 độ; Chọn màn hình (khung ngắm/LCD); Tự động/EVF (Bằng tay)/Màn hình (Bằng tay)\r\n\r\nChọn điểm lấy nét AF qua bảng cảm ứng\r\n\r\nTouch focus: Lấy nét chủ thể đã chọn bằng cách chạm vào màn hình LCD\r\n\r\nỐng ngắm: OLED Tru-Finder (ZEISS T*, 2,359,296 điểm ảnh)\r\n\r\nQuay phim 4K HDR với tùy chọn HLG (Hybrid Log-Gamma)\r\n\r\nĐầu nối Micro USB/USB đa năng, USB tốc độ cao (USB 2.0), Có Micro HDMI\r\n\r\nWifi/NFC/QR code/Bluetooth: Có\r\n\r\nĐèn Flash: tích hợp, pop-up khi kích hoạt\r\n\r\nKích thước / Trọng lượng: (11,7 x 9,3 x 15,7 ) cm / 0,662 kg', 'Hơn một tháng trước, Sony đã công bố máy ảnh RX100VI mới nhất trong series RX100 của họ với ống kính có tiêu cự 24-200mm f/2.8-4.5 với giá 1.200$.\r\nĐiều bất ngờ chưa dừng lại ở đó khi mà chỉ ba tuần sau, Sony giới thiệu phiên bản RX100VA (RX100M5A) tại Nhật Bản và Úc, về cơ bản là hai thị trường này trả tiền nâng cấp chính ở phần mềm cho RX100V để hiệu năng đạt kết quả cao hơn, và mới đây thì phiên bản VA của chiếc máy ảnh này đã được công bố tại Mỹ với \"hồn\" thì gần như giống RX100M6 còn ngoại hình và ống kính thì không thay đổi, có lẽ sẽ đem đến thêm lựa chọn có lợi nữa cho người dùng yêu thích dòng compact này !\r\nMột số điểm nâng cấp chính của chiếc RX100M5A so với RX100M5 :\r\n\r\nXử lý nhanh hơn nhờ chip xử lí BIONZ X ( có trên RX100M6 ) kết hợp với cảm biến Exmor RS BSI CMOS sensor 20.1 MP.\r\n\r\nHiệu năng ISO cao hơn, chụp ảnh trong điều kiện thiếu sáng tốt hơn với dải ISO mở rộng đến 12.800 như RX100M6.\r\n\r\nCải tiến hệ thống lấy nét tự động theo pha với 315 điểm AF. Cùng với khả năng Eye AF có trên Rx100M6.\r\n\r\nBộ nhớ đệm tăng lên 233 ảnh.\r\n\r\nGiảm độ trễ hiển thị EVF khi chụp liên tục.\r\n\r\nNhững cải tiến nhỏ về giao diện và loại bỏ một số ứng dụng thừa thải để tăng hiệu năng và thao tác khi sử dụng máy.\r\n\r\nNhiều hiệu ứng hình ảnh mới được thiết lập để hỗ trợ chụp được nhiều thể loại ảnh khác nhau, việc chụp ảnh trở nên dễ dàng và thú vị hơn.\r\n\r\nCó khả năng quay video kép.\r\n\r\nVề ngoại hình và ống kính thì vẫn được giữ nguyên với thiết kế của RX100M5, là ống kính Zeiss Vario-Sonnar T* Lens 24-70mm f/1.8-2.8 cho chất lượng hình ảnh tốt, và có lợi thể về khẩu độ nếu so với RX100M6 là 24-200 f/2.8-4.5. Có thể nói sự thay đổi về phần mềm để rút ngắn và có phần cân bằng về hiệu năng này, thì lựa chọn hầu như chỉ dành để nói về \"ống kính\" mà thôi!', 'Rechargeable Battery Pack NP-BX1, AC Adaptor, Micro USB cable, Wrist Strap, strap adapter, Instruction Manual', '24'),
(50, 6, 10, 'Máy ảnh siêu zoom Sony Cybershot DSC-HX90V', '9990000', 'https://www.mainguyen.vn/img/2015/07/product/colors/l/Sony_HV900_28851.jpg', 'Ống kính cao cấp ZEISS Vario-Sonnar T * với zoom quang 30x và lên đến 60x zoom kỹ thuật số với công nghệ “Clear Image”    \r\nBao gồm kính ngắm điện tử pop-up OLED Tru-Finder với độ tương phản cao và màu sắc sống động    \r\nCảm biến 18.2 MP Exmor R CMOS và bộ xử lý BIONZ X đảm bảo các chi tiết tốt nhất cho hình ảnh tĩnh và video Full HD trong mọi điều kiện ánh sáng    \r\nOptical SteadyShot với hệ thống chống rung 5-trục giảm thiểu tác động của máy ảnh bị rung lắc    \r\nMàn hình LCD 3.0 với 921k điểm ảnh có thể xoay nghiêng một góc đầy đủ 180 độ    \r\nKhả năng quay phim Full HD bao gồm định dạng tốc độ cao XAVC S tại 50 mbps    \r\nFlash built-in bật lên hỗ trợ chụp thiếu sáng    \r\nTương thích với Wi-Fi / NFC để truyền dữ liệu không dây và với ứng dụng Sony PlayMemories ™\r\nSản phẩm chính hãng thương hiệu Sony (Nhật Bản)', 'Sony HX90V là chiếc máy ảnh Cybershot siêu zoom mới của Sony trong năm 2015. Thiết bị nổi bật với cảm biến Exmor R CMOS 18.2MP, ống ngắm điện tử và khả năng zoom 60x...\r\nSony HX90V mang trên mình một bộ ống kính cao cấp ZEISS Vario-Sonnar T* với zoom quang 30x và lên đến 60x zoom kỹ thuật số với công nghệ “Clear Image” giúp hình ảnh máy chụp ra có độ chi tiết và rõ nét.\r\n\r\nỐng ngắm OLED Tru-Finder với độ tương phản cao và màu sắc sống động khi nhìn dưới trời nắng hoặc nơi có cường độ ánh sáng cao. Người dùng sẽ không bận tâm khi phải nhìn vào màn hình 3 inches ở mặt sau khi đi du lịch tại nơi có nhiều nắng như bãi biển... Cảm biến 18.2 MP Exmor R CMOS và bộ xử lý BIONZ X đảm bảo các chi tiết tốt nhất cho hình ảnh tĩnh và video Full HD chuẩn XAVC S tại 50 mbps trong mọi điều kiện ánh sáng. Sony cũng trang bị cho Sony HX90V tính năng Optical SteadyShot với hệ thống chống rung 5-trục giảm thiểu tác động của máy ảnh bị rung lắc. Vì vậy, dù bạn có zoom hết cỡ thì hình ảnh vẫn được đảm bảo.\r\n\r\nMàn hình LCD 3.0 với 921k điểm ảnh có thể xoay nghiêng một góc đầy đủ 180 độ để selfie với bạn bè. Ngoài ra, Flash built-in có thể bật lên bất cứ lúc nào để hỗ trợ chụp thiếu sáng. Bạn còn có thể truyền dữ liệu không dây và với ứng dụng Sony PlayMemories ™ được Sony cung cấp miễn phí trên 2 chợ ứng dụng lớn hiện nay là App Store của Apple và Play Store của Google.', 'Rechargeable Battery Pack NP-BX1, AC Adaptor, Micro USB cable, Wrist Strap, strap adapter, Instruction Manual', '24'),
(51, 6, 10, 'Máy ảnh siêu zoom Sony Cybershot DSC-WX500', '7490000', 'https://www.mainguyen.vn/img/2015/07/product/colors/l/Sony-Cybershot-DSC-WX500-Black_1.jpg', 'Máy ảnh gọn nhẹ với zoom quang 30x nhỏ nhất thế giới, được tích hợp màn hình LCD lật 180 độ cho các khoảnh khắc selfie thêm vui.\r\n\r\nỐng kính hiệu suất cao trong thân máy mỏng nhẹ thời trang:\r\n- Máy ảnh gọn nhẹ với zoom quang 30x nhỏ nhất thế giới (Zoom rõ ảnh lên đến 60x*2)\r\n- Sử dụng ống kính mới ZEISS Vario-Sonnar T* với dải tiêu cự từ 24mm*3 đến 720mm*3.\r\n- Khả năng dò tìm rung động máy ảnh chính xác và giữ chi tiết cao, đặc biệt khi xem cận cảnh sẽ không bị mờ.\r\n- Cải thiện tính năng ổn định hình ảnh khi chụp\r\nChất lượng hình ảnh vượt trội tái tạo những chi tiết dù là nhỏ nhất:\r\n- Cảm biến ảnh chiếu sáng sau CMOS Exmor RTM với độ phân giải 18.2 megapixels và bộ xử lý ảnh BIONZ XTM mạnh mẽ kết hợp với nhau để tạo ra những bức ảnh chất lượng cao và những thước phim trung thực.\r\nMàn hình LCD lật 180 độ cho những khung hình chính xác:\r\n- Màn hình LCD 3.0 chất lượng cao với 921,000 điểm ảnh lật 180 độ tối ưu hóa việc kiểm tra khung hình trước khi chụp.\r\n- Ngoài ra bạn có thể chỉnh sửa ảnh chân dung với Beauty Effect và điều chỉnh độ sáng và độ bão hòa của màu sắc với Photo Creativity.\r\n- Wifi/NFC cho phép chia sẻ với điện thoại và máy tính bảng bằng chia sẻ một chạm\r\nGiảm thiểu mờ do rung lắc máy hình và quay phim chất lượng cao:\r\n- Quay phim Full HD (1920 x 1080) 60p/50p chất lượng cao tại 50Mbps (tuyệt vời cho những cảnh quay động).\r\n- Chế độ tương tác thông minh cùng với khả năng ổn định hình ảnh 5 trục*4 giảm thiểu rung lắc ngay lập tức ngay cả khi chụp trong khi chủ thể chuyển động.\r\nTính năng khác (tính năng mới):\r\n- PlayMemories Camera Apps*5\r\n- Chế độ P/A/S/M (chỉ dành cho ảnh tĩnh)\r\n- Tùy biến cài đặt\r\n- Phím cứng Fn\r\n- Lấy nét tự động thông minh, tốc độ lấy nét cao đạt 0.09 giây*6\r\n- Đèn flash tích hợp\r\n- Picture Effect (13 chế độ)\r\n- Khóa nét (Lock-on AF)\r\n- Nguồn phát hình ảnh 4K\r\nSản phẩm chính hãng thương hiệu Sony (Nhật Bản)', 'WX500 là chiếc máy ảnh compact có khả năng zoom quang ấn tượng cùng thiết kế đẹp mắt mới của Sony. Thiết bị có nhiều tính năng chụp ảnh kèm khả năng ghi hình chuẩn full-HD...\r\nSony Cybershot DSC-WX500 là chiếc máy ảnh gọn nhẹ với zoom quang 30x nhỏ nhất thế giới, được tích hợp màn hình LCD lật 180 độ cho các khoảnh khắc selfie thêm vui, cùng các chế độ làm đẹp da.\r\n\r\nỐng kính ZEISS Vario-Sonnar T* với dải tiêu cự từ 24mm*3 đến 720mm*3 cùng khả năng ổn định hình ảnh 5 trục*4 giảm thiểu rung lắc ngay lập tức ngay cả khi chụp trong khi chủ thể chuyển động, hình ảnh mà bạn thu được sẽ có độ chi tiết cao, đặc biệt khi xem cận cảnh sẽ không bị mờ. Cảm biến ảnh chiếu sáng sau CMOS Exmor RTM với độ phân giải 18.2 megapixels và bộ xử lý ảnh BIONZ XTM mạnh mẽ kết hợp với nhau để tạo ra những bức ảnh chất lượng cao và những thước phim trung thực.    \r\n\r\nMàn hình LCD rộng 3\" có khả năng lật 180 độ giúp bạn có được những khung hình chính xác. Ngoài ra bạn có thể chỉnh sửa ảnh chân dung với Beauty Effect và điều chỉnh độ sáng và độ bão hòa của màu sắc với Photo Creativity.\r\n\r\nSẽ không gì tiện lợi hơn việc ảnh mà bạn vừa chụp được chia sẻ trực tiếp thông qua Wifi/NFC chỉ bằng một chạm. Ứng dụng PlayMemories độc quyền của Sony sẽ cho phép bạn gửi cùng lúc nhiều tấm ảnh bạn vừa chụp được từ WX500.\r\n\r\nKhả năng giảm thiểu mờ do rung lắc máy hình và quay phim chất lượng cao sẽ hỗ trợ đắc lực cho việc quay phim. Chuẩn Full HD (1920 x 1080) 60p/50p chất lượng cao tại 50Mbps được Sony trang bị cho DSC-WX500.', 'Máy ảnh WX500, pin, bộ sạc, cáp microUSB, dây đeo tay, tài liệu hướng dẫn', '24'),
(52, 6, 10, 'Máy ảnh Sony Alpha a7 III + Kit 28-70mm', '51990000', 'https://zshop.vn/images/thumbnails/350/350/detailed/82/sony_ilce_7m3k_b_alpha_a7_iii_mirrorless_1394219.jpg?t=1522635528', '- Cảm biến CMOS BSI Full frame 24MP\r\n- Bộ xử lý hình ảnh BIONZ X và Front-End LSI\r\n- Màn hình cảm ứng LCD 3.0\" 922k-Dot\r\n- Quay phim UHD 4K30p\r\n- Tốc độ chụp liên tiếp lên đến 10fps\r\n- Hệ thống lấy nét tự động với 693 điểm lấy nét\r\n- ISO 204800\r\n- Hệ thống ổn định hình ảnh 5 trục\r\n- Khe cắm thẻ SD đôi\r\n- Cổng USB loại C\r\n- Tích hợp kết nối Wi-Fi với NFC\r\n- Thiết kế chống chịu thời tiết\r\n- Ống kính FE 28-70mm f/3.5-5.6 OSS', 'Sony Alpha a7 III một trong những “tuyệt tác” được đánh giá cao nhờ thiết kế cảm biến được tiên tiến vượt trội. Với thiết kế phù hợp cho cả ứng dụng chụp ảnh tĩnh và cả quay video trong nhiều tình huống khác nhau. Tính năng tinh chỉnh tốc độ cao và hiệu suất mang lại cực kì hấp dẫn. Với bộ cảm biến CMM 24,2MP Exmor R BSI và bộ xử lý hình ảnh BIONZ X máy ảnh có thể đạt tốc độ chụp liên tục 10 khung hình / giây và cải thiện hiệu suất lấy nét tự động để theo dõi chủ thể nhanh hơn và chính xác hơn rất nhiều lần so với những “người anh em” trước đây. Hệ thống Hybrid AF lấy nét tự động nhanh chóng được cập nhật để sử dụng kết hợp 693 điểm phát hiện pha và 425 phát hiện tương phản nhằm nhanh chóng tập trung trong nhiều điều kiện ánh sáng khác nhau. Hơn thế nữa, máy ảnh còn duy trì sự tập trung vào các đối tượng với mức độ hiệu quả hơn hẳn trước đây. Ngoài các yếu tố trên, những cải tiến mới được trang bị cho Sony Alpha a7 III cũng giúp tạo nên chất lượng hình ảnh rõ nét và giảm tiếng ồn trong phạm vi độ nhạy từ ISO 100-51200. Thậm chí có thể mở rộng đến ISO 50-204800. Hơn nữa, khả năng quay video cũng đã được mở rộng để nâng cao chất lượng khi ghi hình UHD 4K. Ngoài ra, để giúp bạn có được những bức ảnh tĩnh và quay video hoàn hảo thì a7 III đã sử dụng bộ ổn định hình ảnh 5 trục để giảm thiểu sự xuất hiện của việc rung của máy ảnh khi bạn chụp ảnh', 'Sony Alpha a7 III Mirrorless Digital Camera with 28-70mm Lens\r\n\r\nFE 28-70mm f/3.5-5.6 OSS Lens\r\n\r\nNP-FZ100 Rechargeable Lithium-Ion Battery (2280mAh)\r\n\r\nALC-B1EM Body Cap for E-Mount Cameras', '24'),
(53, 6, 30, 'Fujifilm X-E3 + Kit 15-45mm f/3.5-5.6 OIS PZ', '23990000', 'https://zshop.vn/images/thumbnails/350/350/detailed/88/fotocamera-fuji-fujifilm-x-e3-15-45mm-nero.jpg?t=1536286409', '- Cảm biến CMOS III X-Trans APS-C 24.3MP \r\n- Bộ xử lý hình ảnh X-Processor Pro\r\n- Màn hình cảm ứng TFT LCD 3\" 1.04m-Dot\r\n- Kính ngắm điện tử OLED 0.77\" 2.36m-Dot\r\n- Quay phim UHD 4K\r\n- Tốc độ chụp liên tiếp lên đến 8fps\r\n- Hệ thống lấy nét tự động 325 điểm\r\n- ISO mở rộng đến 51200\r\n- Tương thích thẻ nhớ SD/SHHC/SDXC/UHS-II\r\n- Tích hợp kết nối Wi-Fi\r\n- Thiết kế chống nước và bụi bẩn\r\n- Ống kính FUJINON XF 23mm f/2 R WR', 'Fujifilm X-E3 một dòng máy ảnh mỏng và linh hoạt, là sự tiến bộ trong dòng máy ảnh mirrorless của Fujifilm. Với bộ cảm biến và bộ xử lý được cập nhật cùng với thiết kế cổ điển quen thuộc. Quay phim bằng bộ cảm biến APS-C X-Trans CMOS III 24,3MP và bộ xử lý hình ảnh X-Processor Pro. Các ảnh tĩnh có độ phân giải cao có thể được ghi với độ sắc nét và chi tiết hơn bao giờ hết do cách bố trí của bộ cảm biến và bỏ qua bộ lọc quang thấp. Bộ cảm biến và bộ xử lý kết hợp cũng có thể chụp liên tục nhanh tới 14 khung hình / giây, phạm vi độ nhạy mở rộng lên ISO 51200, và khả năng quay video UHD 4K / 30 hoặc Full HD 1080p / 60. Ngoài ra, khi làm việc với các đối tượng chuyển động, hiệu năng lấy nét tự động liên tục đã được tối ưu hóa để cải thiện việc theo dõi đối tượng di chuyển và độ chính xác tổng thể. Bên cạnh đó, Fujifilm X-E3 còn có thiết kế thân thiện với cảm hứng từ retro, màn hình cảm ứng điện tử có độ phân giải cao 2.36m, màn hình LCD cảm ứng 3.0 \"1.04m-dot, các tính năng không dây cũng đã được mở rộng để bao gồm kết nối Bluetooth để truyền tải hình ảnh với năng lượng thấp và điều khiển camera từ xa bằng một thiết bị di động được liên kết.', 'Fujifilm X-E3 + Kit 15-45mm f/3.5-5.6 OIS PZ(Chính hãng) x 1', '24'),
(54, 6, 28, 'Nikon COOLPIX P1000', '24500000', 'https://zshop.vn/images/thumbnails/350/350/detailed/87/1531206034000_IMG_1022831.jpg?t=1531726714', '- Cảm biến CMOS BSI 16MP\r\n- Bộ xử lý hình ảnh EXPEED\r\n- Màn hình LCD cảm ứng đa điểm 3.2\" 921k-Dot \r\n- Kính ngắm điện tử OLED 2.36m-Dot\r\n- Quay phim 4K UHD\r\n- ISO 100-6400\r\n- Có các chế độ chụp Auto, Aperture, Shutter, Manual\r\n- Kết nối SnapBridge qua Wi-Fi hoặc Bluetooth\r\n- Ống kính NIKKOR f/2.8-8 24-3000mm (tương đương 35mm)', 'Siêu phẩm máy ảnh kỹ thuật số siêu zoom Nikon COOLPIX P1000 sở hữu khả năng chụp ảnh ở những khoảng cách ấn tượng nhất. Chiếc P1000 được trang bị cảm biến CMOS BSI 16 triệu điểm ảnh, kết hợp với ống kính zoom quang học built-in Nikkor có dải tiêu cự 24-3000mm tương đương 35mm. Bạn thậm chí có thể zoom xa hơn bằng công nghệ Dynamic Fine 250x với tiêu cự tương đương đến 6000mm. Đi đôi với dải tiêu cự cực khủng là hệ thống chống rung ảnh quang học Dual Detect Optical Vibration Reduction, bù đến 5 stop, đảm bảo các bức ảnh tele của bạn không bị vỡ.\r\n\r\nPhía sau chiếc máy ảnh Nikon P1000 là màn hình LCD đa góc kích thước 3.2 inch, 921 nghìn điểm ảnh và kính ngắm điện tử 2.36 triệu điểm ảnh, nhờ đó bạn luôn có thể theo dõi đối tượng. Máy ảnh còn có khả năng quay phim 4K UHD 30 - 25 hình/giây và hỗ trợ một microphone phụ qua cổng kết nối 3.5mm.\r\n\r\nĐộ rung của máy ảnh là vấn đề không thể tránh khỏi khi chụp ở các mức tiêu cự cực lớn trên tripod, hoặc bạn có thể sẽ cần thao tác với Nikon P1000 từ xa. Điều khiển từ xa ML-L7 hỗ trợ điều khiển zoom, cửa trập và nhiều thiết lập khác của máy ảnh P1000 không dây. Khi bạn chụp xong, bạn có thể lập tức mở ảnh của mình trên điện thoại thông qua ứng dụng SnapBridge của Nikon cũng như WiFi và Bluetooth tích hợp trong máy ảnh.', 'Nikon COOLPIX P1000 Digital Camera x1\r\nEN-EL20a Rechargeable Lithium-Ion Battery Pack (7.2V, 1110mAh) x1\r\nEH-73P Charging AC Adapter x1\r\nUC-E21 USB Type-A Male to Type-B Micro Male Cable (Black) x1\r\nAN-DC3 Camera Strap (Black) x1\r\n77mm Snap-On Lens Cap x1\r\nHB-CP1 Lens Hood x1', '24'),
(55, 7, 34, 'Loa JBL Charge 3', '2890000', 'https://www.mainguyen.vn/img/2016/05/product/colors/l/Group-JBL_CHARGE3-GR-1606x1606px_dvHAMaster.jpg', 'Loa không dây công suất 20W, sạc pin cho thiết bị khác, kết nối Bluetooth, chống thấm nước IPX7\r\nLoa di động thương hiệu nổi tiếng JBL dành cho điện thoại di động\r\nKết nối cùng lúc với 3 thiết bị qua bluetooth\r\nÂm thanh trung thực, sống động với chất lượng âm bass mạnh mẽ với công nghệ JBL Bass Radiator\r\nHỗ trợ kết nối Bluetooth (A2DP V1.3, AVRCP V1.5, HFP V1.6, HSP V1.2) nhanh chóng và tiện lợi\r\nTích hợp microphone với công nghệ SoundClear có khả năng ngăn tiếng ồn và tiếng vọng (echo)\r\nTrả lời cuộc gọi nhanh chóng ngay trên loa với nút trả lời được thiết kế riêng biệt\r\nHỗ trợ cổng audio 3.5mm sử dụng trên các thiết bị không có bluetooth\r\nDùng pin sạc với dung lượng lên đến 6000 mAh, thời gian sử dụng liên tục lên đến 12 giờ, thời gian sạc 4.5 giờ\r\nCó thể sử dụng sạc cho điện thoại di động thông qua cổng USB trên loa\r\nĐèn LED thông minh thông báo tình trạng pin và tình trạng kết nối Bluetooth\r\nTần số: 65Hz-20kHz\r\nTransducer: 2 x 50mm\r\nTrọng lượng: 800g\r\nKích thước: 213 x 87 x 88.5mm\r\nThiết kế nhỏ gọn có khả năng chống nước, thuận tiện khi đi du lịch, dã ngoại...\r\nSản phẩm chính hãng JBL (USA)', 'JBL Charge 3 là chiếc loa tiếp theo trong dòng Charge của JBL. Đây là chiếc loa sở hữu thiết kế tương tự như JBL Extreme, nhưng có thiết kế nhỏ hơn, gọn hơn.\r\nJBL Charge 3 có một lớp vải bọc bên ngoải với bên trong là lớp vải bảo vệ loa khỏi nước và bụi bẩn, JBL Charge 3 có chuẩn kháng nước IPX7 nên có thể dễ dàng chống chịu các điểu kiện ẩm ướt. Loa cũng được tích hợp các công nghệ âm thanh tiên tiến của JBL như JBL Bass Radiator và SoundClear để nâng cao chất lượng âm thanh đầu ra, tạo lực bass mạnh mẽ cho loa.\r\n\r\nJBL Charge 3 vẫn sở hữu những điểm nổi trội của dòng Charge như pin 6000 mAh, cổng sạc USB OUT để phục vụ người dùng nạp lại pin cho smartphone, tablet hay máy nghe nhạc. Nếu không sử dụng cho việc sạc pin ngoài thì JBL Charge 3 có thể chơi nhạc trong khoảng 12 tiếng liên tục ở mức âm lượng vừa phải (~60 - 70%), nếu sử dụng pin để sạc thì thời gian này sẽ bị rút ngắn xuống.\r\nMột điểm mạnh nữa của JBL Charge 3 là loa có thể kết nối với 3 thiết bị cùng lúc, đây là lợi điểm đáng giá của các dòng loa mới của JBL. Sản phẩm lên kệ hàng chính hãng tại Mai Nguyên với mức giá chỉ 3,9 triệu đồng với 4 màu sắc khác nhau.', 'JBL Charge 3, 1 x 5V 2.3A USB Adapter, 1 x Micro USB Cable, 1 x Safety Sheet, 1 x Quick Start Guide, 1 x Warranty Card', '12'),
(56, 7, 35, 'Loa di động Bose Soundlink Micro', '2590000', 'https://www.mainguyen.vn/img/2017/09/product/colors/l/SoundLink_Mirco_Bluetooth_Speaker.jpg', 'Loa di động dành cho điện thoại di động, máy tính bảng\r\nThiết kế nhỏ gọn mang tính di động cao\r\nChất lượng âm thanh chi tiết, chắc chắn và khỏe, âm bass mạnh\r\nSử dụng công nghệ Bluetooth giúp kết nối thiết bị nhanh chóng\r\nSử dụng pin sạc cho thời gian nghe nhạc liên tục lên đến 6 giờ\r\nCó khả năng chống nước IPX7\r\nCó thể kết nối với nhiều thiết bị cùng lúc\r\nKích thước: 3.87\" x 3.87\" x 1.37\"\r\nTrọng lượng: 290g\r\niOS: Download from Apple App store\r\nAndroid: Download from Google Play™ store\r\nSản phẩm chính hãng Bose (USA)', 'SoundLink Micro là một chiếc loa rất thú vị, một chiếc loa mới của Bose với những trang bị thời thượng như kết nối bluetooth 4.2, kháng nước IPX7 và 2 chế độ chơi nhạc Stereo và Party Mode...\r\nMọi chi tiết của SoundLink Micro từ thiết kế tùy chỉnh đến bộ tản âm thụ động bằng silicon nhằm tái tạo âm thanh tốt hơn bất kỳ loa nào cùng kích cỡ. Dù bạn đi đến đâu, SoundLink Micro đều được thiết kế để theo bạn. SoundLink Micro được trang bị một quai đeo chống rách cực kỳ đáng tin cậy, nên bạn biết quai sẽ siết chặt bất kể là lần đầu hay lần thứ một nghìn. Mặt khác, khi nói đến khả năng kháng nước, Bose nói rằng họ tạo ra chiếc loa không chỉ chịu được nước mà còn chống va đập tốt. Bose trang bị cho SoundLink Micro chuẩn kháng nước IPX7.\r\nBose nói rằng, SoundLink Micro dễ dàng điều khiển các kết nối Bluetooth của loa SoundLink Micro thông qua ứng dụng Bose Connect. Bạn có người bạn mộng mơ làm DJ? Chuyển đổi giữa các thiết bị thông qua ứng dụng và để anh ấy điều khiển. Nếu cảm thấy rằng âm thanh của SoundLink Micro vẫn không đủ lớn, vẫn chưa đủ sức thỏa mãn thì hãy sử dụng ứng dụng để kết nối hai loa SoundLink Micro trong Chế độ Party. Hoặc chuyển sang Chế độ Stereo. Bose nói rằng, nhạc cụ và giọng hát sẽ tách ra tự nhiên, làm cho âm nhạc của bạn có cảm giác sống động.', 'Loa di động Bose Soundlink Micro, cáp microUSB, phiếu bảo hành, tài liệu hướng dẫn', '12'),
(57, 7, 10, 'Loa di động Sony SRS-XB41', '4490000', 'https://www.mainguyen.vn/img/2018/01/product/colors/l/Sony-SRS-XB41-7.jpg', 'Loa di động EXTRA BASS với chế độ LIVE SOUND kết nối bluetooth, thời trang, âm thanh mạnh mẽ có khả năng chống nước chuẩn IP67\r\nCông nghệ DSEE HX khôi phục độ sâu và độ chi tiết trong quá trình nén âm thanh\r\nCông nghệ mới AAC, LDAC, SBC tăng cường khả năng truyền Bluetooth lên 3 lần\r\nClearAudio+, DSEE HX và Extra Bass cho âm thanh chi tiết, trung thực, sống động\r\nChế độ âm thanh: EXTRA BASS ON/OFF, Clear Audio+, DSEE\r\nPin sạc cho thời gian phát lên tới 24 giờ\r\nTích hợp công nghệ NFC giúp kết nối nhanh chóng chỉ với một cú chạm\r\nKết nối với loa SRS-XB41, SRS-XB31, SRS-XB21 khác với SongPal Link (Wireless Multi-room, Wireless Surround và Wireless Stereo)\r\nThưởng thức âm nhạc chất lượng cao với phần mềm SongPal\r\nTận hưởng âm thanh sống động với công nghệ Wireless Party Chain có thể kết nối 10 loa SRS-XB41 với nhau\r\nHỗ trợ cổng USB sạc cho smartphone\r\nHiệu ứng âm thanh và đèn độc đáo với chế độ Party Booster\r\nSound Modes: LIVE Sound, EXTRA BASS, Standard\r\nDriver: 58mm full range\r\nDải tần số: 20Hz – 20kHz\r\nCông nghệ âm thanh: Clear Audio+ Virtual Surround Sound\r\nCông nghệ Bluetooth: Bluetooth ver. 4.2 (A2DP, AVRCP, HFP, SPP, HSP)\r\nKích thước: 291mm x 104mm x 105mm\r\nTrọng lượng: 1500g\r\nSản phẩm chính hãng Sony', 'Sony ExtraBass SRS-XB41 là cái tên đầy đủ của chiếc loa mới và dĩ nhiên, nó sẽ thuộc dòng Extra Bass của hãng. Chiếc loa này đã có sự lột xác về ngoại hình trong năm 2018.\r\nTuy vẫn sở hữu thiết kế hình chữ nhật khi nhìn từ mặt trước nhưng nó được bo cong ở mặt sau, các cạnh và mặt lưng nhiều hơn, khiến cho chiếc loa giờ đây mềm mại và dễ nhìn hơn.\r\nCũng giống như năm ngoái với Xb10, XB20, XB30 và XB40 thì SRS-XB41 năm nay là chiếc loa có kích thước và công suất loa lớn nhất. Mặc dù vậy, nó vẫn duy trì những đặc trưng làm nên tên tuổi từ năm ngoái là chiếc loa mini nhỏ gọn nhưng hỗ trợ hiệu ứng đèn LED đẹp mắt, chạy dọc từ mặt trước ra hai bên màng loa.', 'Loa di động Sony SRS-XB41, bộ sạc AC', '12'),
(58, 7, 34, 'Loa JBL Flip 3', '1390000', 'https://www.mainguyen.vn/img/2015/07/product/colors/l/JBL-Flip35502585.jpg', 'Loa di động thương hiệu nổi tiếng JBL dành cho điện thoại di động, máy tính bảng, máy nghe nhạc...\r\nThiết kế cái tiến hơn các phiên bản trước, cứng cáp hơn, hiện đại và nhiều màu sắc tươi sáng, trẻ trung\r\nCó khả năng chống nước (không khuyến cáo ngâm nước)\r\nHệ thống âm bass được tối ưu hóa nhờ hệ thống thoát hơi đặc biệt\r\nHỗ trợ kết nối Bluetooth v4.1 (A2DP V1.3, AVRCP V1.5, HFP V1.6, HSP V1.2) giúp kết nối không dây đến các thiết bị của bạn\r\nHỗ trợ kết nối các Clip III tạo thành chuỗi amply độc đáo\r\nTích hợp microphone trên loa để trả lời cuộc gọi với công nghệ loại bỏ tiếng vang (SoundClear Echo) và lọc tiếng ồn\r\nDùng pin sạc 3000mAh với thời gian sử dụng liên tục lên đến 10 giờ\r\nĐèn LED thông minh thông báo tình trạng pin và tình trạng kết nối Bluetooth \r\nThiết kế nhỏ gọn, thuận tiện khi đi du lịch, dã ngoại...\r\nTần số: 85Hz – 20kHz\r\nCông suất: 2 x 8W\r\nTrọng lượng: 450 g\r\nKích thước: 64 x 169 x 64 (mm)\r\nPin: Lithium-ion polymer (3.7V, 3000mAh)\r\nSản phẩm thương hiệu JBL (USA)', 'Flip 3 là chiếc loa di động của thương hiệu JBL nổi tiếng dành cho điện thoại di động, máy tính bảng, máy nghe nhạc...\r\nThiết kế cái tiến hơn các phiên bản Flip 2 nên trông loa cứng cáp hơn, hiện đại và nhiều màu sắc tươi sáng, trẻ trung. Đặc biệt là khả năng chống nước (không khuyến cáo ngâm nước) giúp bạn có thể sử dụng loa trong các điều kiện thời tiết ẩm ướt. Móc dây phía sau cũng sẽ tạo ra sự cơ động hơn trong việc đặt loa ở những vị trí khác nhau như trên balo hay thậm chí là trên xe đạp...\r\nJBL Flip 3 sử dụng hệ thống âm bass được tối ưu hóa nhờ hệ thống thoát hơi đặc biệt nên âm bass chắc, mạnh và uy lực hơn khá nhiều so với người tiền nhiệm. Dĩ nhiên là không thể thiếu kết nối Bluetooth giúp kết nối không dây đến các thiết bị là nguồn nhạc của bạn.\r\n\r\nFlip 3 còn được tích hợp microphone trên loa để trả lời cuộc gọi với công nghệ loại bỏ tiếng vang (SoundClear Echo) và lọc tiếng ồn. Pin sạc 3000mAh cho thời gian sử dụng liên tục lên đến 10 giờ liên tục với mức âm lượng vừa phải.\r\n\r\nVới thiết kế nhỏ gọn và khả năng chống nước, JBL Flip 3 sẽ là chiếc loa mang đến những bản nhạc thư giãn tuyệt vời cho những chuyến du lịch, dã ngoại của bạn với gia đình.\r\n\r\nSự bổ sung màu camo cực chất của JBL Flip 3 mở ra góc nhìn mới về chiếc loa này đến với người dùng, đặc biệt là những bạn trẻ yêu thích du lịch thì Flip 3 Camo là sự lựa chọn không thể tuyệt vời hơn...', 'JBL Flip 3, 1 x Micro USB Charging Cable, 1 x Quick Start Guide, 1 x Safety Sheet, Warranty Card included', '12');
INSERT INTO `sanpham` (`MaSanPham`, `MaLoaiSanPham`, `MaThuongHieu`, `TenSanPham`, `GiaSanPham`, `HinhSanPham`, `ThongSoKiThuat`, `DacDiemNoiBat`, `PhuKienSanPham`, `ThangBaoHanh`) VALUES
(59, 7, 34, 'Loa JBL Pulse 3', '4700000', 'https://www.mainguyen.vn/img/2017/11/product/colors/l/JBL_PULSE3_HERO_BLACK_0558_x1-1605x1605px.jpg', 'Loa di động thương hiệu nổi tiếng JBL dành cho điện thoại di động, máy tính bảng, máy nghe nhạc...\r\nThiết kế cái tiến hơn các phiên bản trước, hiện đại và có thể đổi nhiều màu sắc tươi sáng, trẻ trung\r\nJBL Pulse 3 có thể phát ra ánh sáng và âm thanh 360 độ cho cuộc vui đầy màu sắc\r\nCó khả năng chống nước IPX7 (không khuyến cáo ngâm nước)\r\nHệ thống âm bass được tối ưu hóa nhờ hệ thống thoát hơi đặc biệt\r\nHỗ trợ kết nối Bluetooth giúp kết nối không dây đến các thiết bị của bạn\r\nHỗ trợ kết nối các Pulse 3 tạo thành chuỗi amply độc đáo, kết nối 100 loa với ứng dụng JBL Connect+\r\nCó thể kết nối 2 nguồn phát cùng lúc để chia sẻ nhạc 360 độ\r\nCó thể gọi Siri hoặc Google Now ngay trên loa chỉ bằng 1 nút bấm\r\nTích hợp microphone trên loa để trả lời cuộc gọi với công nghệ loại bỏ tiếng vang (SoundClear Echo) và lọc tiếng ồn\r\nDùng pin sạc 6000mAh với thời gian sử dụng liên tục lên đến 12 giờ, sạc trong 4.5 giờ (5V 2.3A)\r\nĐèn LED thông minh thông báo tình trạng pin và tình trạng kết nối Bluetooth\r\nThiết kế nhỏ gọn, thuận tiện khi đi du lịch, dã ngoại...\r\nCông suất 20W\r\nTần số: 65Hz – 20kHz\r\nKích thước: 223mm x 92mm x 92mm\r\nSản phẩm thương hiệu JBL (USA)', 'Vẫn mang trong mình định nghĩa \"âm thanh đi cùng ánh sáng\", tức là bên cạnh việc phát nhạc thì bạn còn được thưởng thức ánh sáng độc đáo, trình diễn như sân khấu, JBL Pulse 3 là một phiên bản nâng cấp tuyệt vời và có thể khiên bạn quên đi Pulse 2 từng tốt như thế nào.\r\n\r\nNếu bạn còn nhớ, Pulse 2 là bản hoàn thiện thiết kế của Pulse đời đầu với thiết kế sắc sảo hơn, chất liệu cứng cáp và chắc chắn hơn, to hơn cũng như là bố trí các nút linh hoạt hơn thì Pulse 3 lại là một phiên bản khác biệt hoàn toàn ro với 2 người đàn anh. Nó được JBL tách riêng làm 2 phần khác biệt chứ không lồng vào nhau như trước.\r\n\r\nPhần trên của Pulse 3 được làm từ nhựa, giống như polycarbonate. Phần này giúp ánh sáng bừng lên theo điệu nhạc mà không ảnh hưởng gì tới phần mang loa bên dứoi. Mang loa giờ đây sẽ là loa 360 độ thật sự vì nó không còn sự chia cắt của lớp cao su bảo vệ như trước.\r\n\r\nXét về mặt tổng thể thì Pulse 3 vẫn có kiểu dáng hình trụ tròn như các sản phẩm tiền nhiệm. Nó không quá nặng, phần nặng nhất của loa sẽ được dồn xuống đấy, nơi chứa pin, các phím điều khiển cũng như loa phát nhạc. Cặp cổng kết nối AUX và cổng sạc microUSB vẫn được duy trì, hơi đáng tiếc một chút, mình thích cổng USB-C mới hơn. Cặp cổng này đã được dồn phía đáy thay vì đặt ngang thân loa như trước và có nắp cao su đậy lại cẩn thận.', 'JBL Pulse 3, 1 x Power adaptor, 1 x Micro USB Cable, 1 x Quick start guide, 1 x Safety sheet, 1 x Warranty card', '12'),
(60, 7, 34, 'Loa JBL GO', '650000', 'https://www.mainguyen.vn/img/2015/05/product/colors/l/Go-8mau.jpg', 'Loa di động thương hiệu nổi tiếng JBL dành cho điện thoại di động, máy tính bảng\r\nJBL Go với thiết kế cứng cáp, hiện đại và nhiều màu sắc tươi sáng\r\nHỗ trợ kết nối Bluetooth chuẩn Ver 4.1\r\nTích hợp microphone trên loa với công nghệ loại bỏ tiếng vang (SoundClear Echo) và lọc tiếng ồn\r\nDùng pin sạc với thời gian sử dụng liên tục lên đến 5 giờ\r\nĐèn LED thông minh thông báo tình trạng pin và tình trạng kết nối Bluetooth\r\nThiết kế nhỏ gọn, thuận tiện khi đi du lịch, dã ngoại...\r\nHỗ trợ: A2DP V1.2, V1.4 AVRCP, HFP V1.6, V1.2 HSP\r\nTần số đáp ứng: 180Hz - 20000Hz\r\nĐộ ồn: ≥80dB\r\nSử dụng pin: Lithium-ion polymer (3.7V, 600mAh)\r\nThời gian sạc pin: 1,5 giờ\r\nKích thước: 68,3 mm x 82,7 mm x 30,8 mm\r\nTrọng lượng: 130g\r\nSản phẩm thương hiệu JBL (USA)', 'JBL Go có thiết kế đẹp mắt, màu sắc tươi sáng, năng động và một nội lực tuyệt vời trong một mức giá ổn là một trong những lựa chọn tốt cho người dùng...\r\nJBL Go với thiết kế cứng cáp, hiện đại và nhiều màu sắc tươi sáng với dạng hình hộp chữ nhật vuông vức. Chất liệu chính được sử dụng là nhựa và cao su. Màn bảo vệ loa làm từ kim loại cứng giúp đảm bảo khả năng bảo vệ tốt nhất cho màn loa.\r\nJBL Go hỗ trợ kết nối Bluetooth chuẩn Ver 4.1 và dây qua công AUX, tích hợp microphone trên loa với công nghệ loại bỏ tiếng vang (SoundClear Echo) và lọc tiếng ồn. JBL Go có tần số đáp ứng từ 180Hz đếm 20000Hz, độ ồn: ≥80dB và được tích hợp pin Lithium-ion polymer (3.7V, 600mAh) cho thời gian chơi nhạc liên tục lên đến 5 giờ bên cạnh thời gian sạc pin: 1,5 giờ.', 'Loa JBL GO, cable', '12'),
(61, 8, 10, 'Sony PlayStation 4 Mới 500GB (CUH-2106A B01)', '8990000', 'https://www.mainguyen.vn/img/2016/11/product/colors/l/playstation-4-slim-vertical-product-shot-01-us-07s.jpg', 'Hệ thống máy chơi game tiên tiến nhất của Sony: PlayStation 4 Slim\r\nMở ra một cánh cửa ngoạn mục, du hành vào những trải nghiệm gaming chân thật hơn bao giờ hết kèm với một hệ thống tương tác cộng đồng vô cùng sâu sắc\r\nPlayStation 4 Slim có hơn 180 tựa game hoành tráng đang được phát triển\r\nPlayStation 4 Slim không chỉ đơn giản là một chiếc máy chơi game, nó còn cung cấp cho các game thủ những ứng dụng phong phú và tiện dụng. Giờ đây bên cạnh việc chơi game, bạn còn có thể xem những bộ phim, những chương trình truyền hình và chương trình thể thao trực tiếp mới và hấp dẫn nhất\r\nHệ thống PS4 tăng cường các tính năng tương tác qua mạng để việc bạn dễ dàng khoe cùng bạn bè những thành tích trong game\r\nNút share trên tay cầm, cho phép chia sẻ online nhanh\r\nTính năng Remote Play, cho phép chơi game trên các thiết bị di động khác\r\nThông số kỹ thuật chi tiết:\r\n\r\nMain Processor: Single-chip custom processor\r\nCPU: x86-64 AMD \"Jaguar\", 8 cores\r\nGPU: 1.84 TFLOPS, AMD next-generation Radeon™ based graphics engine\r\nMemory: GDDR5 8GB\r\nBộ nhớ trong: Ổ cứng 500 GB\r\nKích thước: -\r\nTrọng lượng: -\r\nBD/ DVD drive (read only): BD × 6 CAV / DVD × 8 CAV\r\nPower: AC 100-240V, 50/60Hz; AC 110V/220-240V, 50/60 Hz\r\nCổng kết nối: USB 3.0 x 2, AUX, Ethernet, Wireless: IEEE 802.11 b/g/n, Bluetooth 2.1, HDMI, OPTICAL', 'Gọn hơn, mỏng hơn, các cạnh bo tròn, toàn bộ thân máy nhựa nhám matte chống bám vân tay, các nút và cổng kết nối bố trí hợp lý hơn, loại bỏ cổng quang optical, có nắp mở thay ổ cứng,... là một vài điểm thay đổi mạnh mẽ về mặt thiết kế của Playstation 4', '8990000', '12'),
(62, 8, 10, 'Sony PlayStation 4 Slim 500GB Days of Play CUH-2106A BZN', '8990000', 'https://www.mainguyen.vn/img/2018/06/product/colors/l/PS4_DaysofPlay_01.jpg', 'Main Processor: Single-chip custom processor\r\nCPU: x86-64 AMD \"Jaguar\", 8 cores\r\nGPU: 1.84 TFLOPS, AMD next-generation Radeon™ based graphics engine\r\nMemory: GDDR5 8GB\r\nBộ nhớ trong: Ổ cứng 500 GB\r\nKích thước: -\r\nTrọng lượng: -\r\nBD/ DVD drive (read only): BD × 6 CAV / DVD × 8 CAV\r\nPower: AC 100-240V, 50/60Hz; AC 110V/220-240V, 50/60 Hz\r\nCổng kết nối: USB 3.0 x 2, AUX, Ethernet, Wireless: IEEE 802.11 b/g/n, Bluetooth 2.1, HDMI, OPTICAL', 'Hệ thống máy chơi game tiên tiến nhất của Sony: PlayStation 4 Slim. Mở ra một cánh cửa ngoạn mục, du hành vào những trải nghiệm gaming chân thật hơn bao giờ hết kèm với một hệ thống tương tác cộng đồng vô cùng sâu sắc\r\nPlayStation 4 Slim có hơn 180 tựa game hoành tráng đang được phát triển\r\nPlayStation 4 Slim không chỉ đơn giản là một chiếc máy chơi game, nó còn cung cấp cho các game thủ những ứng dụng phong phú và tiện dụng. Giờ đây bên cạnh việc chơi game, bạn còn có thể xem những bộ phim, những chương trình truyền hình và chương trình thể thao trực tiếp mới và hấp dẫn nhất\r\nHệ thống PS4 tăng cường các tính năng tương tác qua mạng để việc bạn dễ dàng khoe cùng bạn bè những thành tích trong game\r\nNút share trên tay cầm, cho phép chia sẻ online nhanh\r\nTính năng Remote Play, cho phép chơi game trên các thiết bị di động khác', 'PS 4 Slim 500GB, 1 tay cầm, tài liệu', '12'),
(63, 8, 10, 'Sony Playstation 4 Pro - 1TB - Spider-Man Limited Edition Chính Hãng', '16500000', 'https://haloshop.vn/image/cache/data/may-game/sony-playstation/ps4-pro-1tb-spider-man-limited-edition-00-630x552.jpg', 'Màu sắc :Amazing Red\r\nMã sản phẩm :CUH-7000 Series\r\nBộ xử lý trung tâm : Bộ xử lý chip đơn tùy chỉnh\r\nCPU: x86-64 AMD \"Jaguar\", 8 nhân\r\nGPU: 4.20 TFLOPS, đồ họa nền tảng AMD Radeon\r\nBộ nhớ RAM	GDDR5 8GB\r\nBộ nhớ lưu trữ	1TB\r\nKích thước	295 x 55 x 327 mm (rộng x dài x cao)\r\nTrọng lượng	3.3 kg\r\nỔ đĩa BD/DVD (chỉ đọc)	BD x 6 CAV\r\nDVD x 8 CAV\r\nĐường vào / ra	Cổng USB tốc độ cao (USB 3.1 thế hệ 1) x 3\r\nCổng AUX x 1\r\nKết nối mạng	Cáp mang Ethernet (10BASE-T, 100BASE-TX, 1000BASE-T)x1 Wi-Fi IEEE 802.11 a/b/g/n/ac\r\nBluetooth 4.0 (năng lượng thấp)\r\nNguồn điện	Xoay chiều, 100-240V, 50/60Hz\r\nCông suất tiêu thụ	Tối đa 310W\r\nNhiệt độ làm việc	5ºC - 35ºC\r\nCổng ra AV	HDMI out port (hỗ trợ 4K/HDR)\r\nCổng quang (OPTICAL port)', 'Về mặt thiết kế, xem chừng PS4 Pro sẽ không có nhiều thay đổi so với mẫu máy gốc với kiểu dáng chữ nhật được vát cạnh thanh thoát. Chưa biết liệu phần cứng nâng cấp của nó liệu có khiến vấn đề về nhiệt nào phát sinh hay không. Trên sân khấu, ba tựa game là Watch Dogs 2, Deus Ex: Mankind Divided, For Honor đã được trình diễn trên PS4 Pro và cho kết quả rất ấn tượng.\r\nSo với PS4 bản tiêu chuẩn, phiên bản Pro dày hơn, nặng hơn một tí, toàn bộ phần vỏ ngoài cũng được hoàn thiện đen nhám tương tự như PS4 Slim, đồng thời thân máy được chia thành 3 tầng khác nhau với các cạnh bo tròn mạnh thay vì kiểu thiết kế \"2 lát\" như trước đây. Đồng thời, phần cứng cũng được Sony nâng cấp mạnh nhằm hỗ trợ chất lượng 4K, HDR cho không chỉ phát nội dung mà cả chơi game. Tuy nhiên, mục tiêu lý tưởng và đầy tuyệt vời đó đòi hỏi phải có màn hình 4K hỗ trợ HDR và đặc biệt là hãng phát triển game từ nay sẽ làm ra phiên bản vừa có hỗ trợ 4K, vừa chơi được phiên bản cũ.', 'Máy, 1 tay cầm, tài liệu', '12'),
(64, 8, 10, 'Sony Playstation 4 Pro 2TB - 500 Million Limited Edition Chính Hãng', '18800000', 'https://haloshop.vn/image/cache/data/may-game/sony-playstation/ps4-pro-2tb-500-million-bundle-00-700x700.jpg', 'Màu sắc	Translucent Blue\r\nMã sản phẩm	CUH-7106B Series\r\nBộ xử lý trung tâm	Bộ xử lý chip đơn tùy chỉnh\r\nCPU: x86-64 AMD \"Jaguar\", 8 nhân\r\nGPU: 4.20 TFLOPS, đồ họa nền tảng AMD Radeon\r\nBộ nhớ RAM	GDDR5 8GB\r\nBộ nhớ lưu trữ	2TB\r\nKích thước	295 x 55 x 327 mm (rộng x dài x cao)\r\nTrọng lượng	3.3 kg\r\nỔ đĩa BD/DVD (chỉ đọc)	BD x 6 CAV\r\nDVD x 8 CAV\r\nĐường vào / ra	Cổng USB tốc độ cao (USB 3.1 thế hệ 1) x 3\r\nCổng AUX x 1\r\nKết nối mạng	Cáp mang Ethernet (10BASE-T, 100BASE-TX, 1000BASE-T)x1 Wi-Fi IEEE 802.11 a/b/g/n/ac\r\nBluetooth 4.0 (năng lượng thấp)\r\nNguồn điện	Xoay chiều, 100-240V, 50/60Hz\r\nCông suất tiêu thụ	Tối đa 310W\r\nNhiệt độ làm việc	5ºC - 35ºC\r\nCổng ra AV	HDMI out port (hỗ trợ 4K/HDR)\r\nCổng quang (OPTICAL port)\r\n', '\"Mục tiêu của chúng tôi là mang đến cho game thủ những trải nghiệm về đồ họa với chất lượng sắc nét hơn. \" - kĩ sư trưởng của bộ phận thiết kế PS4 ông Mark Cerny phát biểu trên sân khấu. Đúng như các thông báo trước kia, máy Playstation 4 Pro sẽ sở hữu CPU có xung nhịp cao hơn, GPU nâng cấp cùng ổ cứng dung lượng tối thiểu 1TB. Chưa có thông số cụ thể nào được Sony đưa ra, nhưng ít nhất chúng ta biết được rằng nó sẽ tương thích hoàn toàn với tất cả các tựa game PS4 hiện tại cũng như sẽ ra mắt trong tương lai.\r\n\r\nVề mặt thiết kế, xem chừng PS4 Pro sẽ không có nhiều thay đổi so với mẫu máy gốc với kiểu dáng chữ nhật được vát cạnh thanh thoát. Chưa biết liệu phần cứng nâng cấp của nó liệu có khiến vấn đề về nhiệt nào phát sinh hay không. Trên sân khấu, ba tựa game là Watch Dogs 2, Deus Ex: Mankind Divided, For Honor đã được trình diễn trên PS4 Pro và cho kết quả rất ấn tượng.\r\n\r\nSo với PS4 bản tiêu chuẩn, phiên bản Pro dày hơn, nặng hơn một tí, toàn bộ phần vỏ ngoài cũng được hoàn thiện đen nhám tương tự như PS4 Slim, đồng thời thân máy được chia thành 3 tầng khác nhau với các cạnh bo tròn mạnh thay vì kiểu thiết kế \"2 lát\" như trước đây. Đồng thời, phần cứng cũng được Sony nâng cấp mạnh nhằm hỗ trợ chất lượng 4K, HDR cho không chỉ phát nội dung mà cả chơi game. Tuy nhiên, mục tiêu lý tưởng và đầy tuyệt vời đó đòi hỏi phải có màn hình 4K hỗ trợ HDR và đặc biệt là hãng phát triển game từ nay sẽ làm ra phiên bản vừa có hỗ trợ 4K, vừa chơi được phiên bản cũ.', 'Bộ máy Playstation 4 Pro - 2TB - 500 Million Limited Edition Chính Hãng bao gồm máy + DUALSHOCK®4 wireless controller, PlayStation Camera, và Vertical Stand.', '12'),
(65, 8, 36, 'Nintendo Switch Neon Blue / Neon Red Joy-Con - Mario Tennis Aces + 1-2-Switch Bundle', '8680000', 'https://haloshop.vn/image/cache/data/may-game/nintendo/nintendo-switch-neon-tennis-aces-1-2-switch-00-700x700.jpg', 'Bộ nhớ trong	32GB\r\nHỗ trợ thẻ nhớ	Có, dung lượng tối đa 2TB\r\nChi tiết CPU	NVIDIA Tegra X1, 20nm, Cortex A7 bốn nhân\r\nGPU	NVIDIA Custom\r\nCảm biến	Cám biến gia tốc, con quay hồi chuyển, cảm biến ánh sáng\r\nKích thước màn hình	6.2-inch\r\nĐộ phân giải	1280 x 720 pixels (HDMI: 1080p60)\r\nWi-Fi	IEEE 802.11 a/b/g/n/ac, có thể kết nối mạng LAN\r\nBluetooth	4.1\r\nCổng kết nối	3.5mm audio jack, cổng game card, cổng microSD card - Nintendo Switch Dock: 2 cổng USB 2.0 bên cạnh và một cổng USB phía sau, cổng AC Adapter, Cổng HDMI\r\nKích thước (Dài x Ngang x Dày)	102 x 239 x 13.9 mm\r\nTrọng lượng	297 g\r\nDung lượng pin	4310 mAh, thời lượng sử dụng từ 2.5 đến 6.5 tiếng', 'Nintendo Switch là tên gọi chính thức cho thế hệ máy chơi game tiếp theo của Nintendo. Một chiếc máy chơi game có thể gắn vào TV để dùng như một máy console và khi ra ngoài có thể mang theo để chơi trên một cái tablet cảm ứng cùng với bộ tay cầm không dây dạng module tháo ráp rất độc đáo.\r\n\r\nNintendo Switch bao gồm một bộ tay cầm và một máy chơi game. Máy chơi game chính là một cái máy tính bảng có kích cỡ vào khoảng 7\" cùng với một cái dock để kết nối với TV. Khi ở nhà, bạn gắn tablet vào dock, dock kết nối với TV, và chơi bằng tay cầm. Khi ra ngoài, bạn rút cái tablet ra khỏi dock, tháo hai cụm gamepad trái/phải ra khỏi tay cầm và gắn nó vào hai cạnh bên của tablet để tiếp tục chơi các game yêu thích của bạn.\r\n\r\nTên gọi Switch có lẽ xuất phát từ chính ý tưởng có thể chơi game mọi lúc mọi nơi, từ nhà \"switch\" ra đường, từ ngoài đường \"switch\" vô trong phòng. Hơn nữa, Switch sử dụng băng game như trên 3DS với rất nhiều đối tác sản xuất làm game như Activision, BANDAI NAMCO, Bethesda, CAPCOM, EA, KOEI, SEGA, SQUARE ENIX, UBISOFT, Warner Bros... Chính vì thế ở buổi họp báo hôm 13/1 vừa qua, rất nhiều tựa game đỉnh độc quyền cho Switch sẽ được phát hành ngay khi bán máy hoặc trong thời gian tới như Splatoon 2, Arms, Super Mario Odyssey, Xenoblade 2, FIFA, Dragon Quest X/XI,...\r\n\r\nThời lượng pin được công bố có thể hoạt động đến 6 tiếng nhưng tùy vào khả năng vận hành của máy. Ví dụ, nếu chơi game The Legend of Zelda™: Breath of the Wild thì pin chỉ chơi được tầm khoảng 3 tiếng. Phần tablet cũng có thể sạc qua cổng USB-C.\r\n\r\nMột tin vui cũng cần phải lưu ý chính là Nintendo Switch sẽ không khóa phân vùng (Region). Điều này sẽ cho phép người chơi có thể sử dụng đĩa game hay download từ khắp các khu vực trên thế giới trên máy. Nintendo Switch cũng sẽ cung cấp thêm chế độ chơi mạng, đáng tiếc rằng giống như PS4 và Xbox One, tài khoản chơi mạng của máy cũng sẽ thu phí.', '2 Joy-Con (trái và phải)\r\nDock\r\nJoy-Con grip\r\n2 wrist-straps\r\n1 AC adaptor (Cổng USB Type-C)\r\n1 cáp HDMI', '12'),
(66, 8, 36, 'Nintendo Switch with Neon Blue and Neon Red Joy‑Con - US', '8180000', 'https://haloshop.vn/image/cache/data/may-game/nintendo/nintendo-switch-neon-joy-con-02-700x700.jpg', 'Bộ nhớ trong	32GB\r\nHỗ trợ thẻ nhớ	Có, dung lượng tối đa 2TB\r\nChi tiết CPU	NVIDIA Tegra X1, 20nm, Cortex A7 bốn nhân\r\nGPU	NVIDIA Custom\r\nCảm biến	Cám biến gia tốc, con quay hồi chuyển, cảm biến ánh sáng\r\nKích thước màn hình	6.2-inch\r\nĐộ phân giải	1280 x 720 pixels (HDMI: 1080p60)\r\nWi-Fi	IEEE 802.11 a/b/g/n/ac, có thể kết nối mạng LAN\r\nBluetooth	4.1\r\nCổng kết nối	3.5mm audio jack, cổng game card, cổng microSD card - Nintendo Switch Dock: 2 cổng USB 2.0 bên cạnh và một cổng USB phía sau, cổng AC Adapter, Cổng HDMI\r\nKích thước (Dài x Ngang x Dày)	102 x 239 x 13.9 mm\r\nTrọng lượng	297 g\r\nDung lượng pin	4310 mAh, thời lượng sử dụng từ 2.5 đến 6.5 tiếng', 'Nintendo Switch là tên gọi chính thức cho thế hệ máy chơi game tiếp theo của Nintendo. Một chiếc máy chơi game có thể gắn vào TV để dùng như một máy console và khi ra ngoài có thể mang theo để chơi trên một cái tablet cảm ứng cùng với bộ tay cầm không dây dạng module tháo ráp rất độc đáo.\r\n\r\nNintendo Switch bao gồm một bộ tay cầm và một máy chơi game. Máy chơi game chính là một cái máy tính bảng có kích cỡ vào khoảng 7\" cùng với một cái dock để kết nối với TV. Khi ở nhà, bạn gắn tablet vào dock, dock kết nối với TV, và chơi bằng tay cầm. Khi ra ngoài, bạn rút cái tablet ra khỏi dock, tháo hai cụm gamepad trái/phải ra khỏi tay cầm và gắn nó vào hai cạnh bên của tablet để tiếp tục chơi các game yêu thích của bạn.\r\n\r\nTên gọi Switch có lẽ xuất phát từ chính ý tưởng có thể chơi game mọi lúc mọi nơi, từ nhà \"switch\" ra đường, từ ngoài đường \"switch\" vô trong phòng. Hơn nữa, Switch sử dụng băng game như trên 3DS với rất nhiều đối tác sản xuất làm game như Activision, BANDAI NAMCO, Bethesda, CAPCOM, EA, KOEI, SEGA, SQUARE ENIX, UBISOFT, Warner Bros... Chính vì thế ở buổi họp báo hôm 13/1 vừa qua, rất nhiều tựa game đỉnh độc quyền cho Switch sẽ được phát hành ngay khi bán máy hoặc trong thời gian tới như Splatoon 2, Arms, Super Mario Odyssey, Xenoblade 2, FIFA, Dragon Quest X/XI,...\r\n\r\nThời lượng pin được công bố có thể hoạt động đến 6 tiếng nhưng tùy vào khả năng vận hành của máy. Ví dụ, nếu chơi game The Legend of Zelda™: Breath of the Wild thì pin chỉ chơi được tầm khoảng 3 tiếng. Phần tablet cũng có thể sạc qua cổng USB-C.\r\n\r\nMột tin vui cũng cần phải lưu ý chính là Nintendo Switch sẽ không khóa phân vùng (Region). Điều này sẽ cho phép người chơi có thể sử dụng đĩa game hay download từ khắp các khu vực trên thế giới trên máy. Nintendo Switch cũng sẽ cung cấp thêm chế độ chơi mạng, đáng tiếc rằng giống như PS4 và Xbox One, tài khoản chơi mạng của máy cũng sẽ thu phí.', '2 Joy-Con (trái và phải)\r\nDock\r\nJoy-Con grip\r\n2 wrist-straps\r\n1 AC adaptor (Cổng USB Type-C)\r\n1 cáp HDMI', '12'),
(67, 1, 1, 'Điện thoại iPhone Xs 64GB', '26179000', 'https://www.didongviet.vn/pub/media/catalog/product//i/p/iphone-xs-64gb-didongviet.jpg', 'Công nghệ màn hình: Super AMOLED\r\nĐộ phân giải: 1125 x 2436 pixels\r\nMàn hình rộng: 5.8 inches\r\nĐộ phân giải: 12 MP, f/1.8, 28mm, 1.4µm, OIS, PDAF và 12 MP, f/2.4, 52mm, 1.0µm, OIS, PDAF, 2x optical zoom\r\nQuay phim: 2160p@24/30/60fps, 1080p@30/60/120/240fps, HDR, stereo sound rec.\r\nĐộ phân giải: 7 MP, f/2.2\r\nHệ điều hành: iOS 12\r\nChipset (hãng SX CPU): Apple A12 Bionic\r\nTốc độ CPU: Hexa-core\r\nRAM: 4 GB\r\nBộ nhớ trong: 64 GB\r\nWifi: Wi-Fi 802.11 a/b/g/n/ac, dual-band, hotspot\r\nGPS: Yes, with A-GPS, GLONASS, GALILEO, QZSS\r\nBluetooth: 5.0, A2DP, LE', 'iPhone Xs là một mẫu điện thoại thực sự hấp dẫn mà Apple dành cho người hâm mộ của mình. Vẫn giữ nguyên thiết kế từ iPhone X, nhưng phiên bản iPhone Xs 64GB mới mang đến những nâng cấp đáng kể ở bên trong.\r\nThiết kế gần như không có thay đổi\r\nPhiên bản iPhone Xs 64GB vẫn có kích thước màn hình 5.8-inch y nguyên iPhone X tiền nhiệm. Trong bộ ba iPhone được ra mắt năm nay, đây là thiết bị có kích thước nhỏ nhất.\r\nBộ khung được làm bằng thép, mặt lưng phủ một lớp kính cao cấp mà vẫn tạo ra một cảm giác cầm rất chắc chắn. Ngoài lựa chọn màu bạc và xám như phiên bản tiền nhiệm, iPhone Xs 64GB giờ đây còn có thêm màu vàng vô cùng sang trọng và hấp dẫn.\r\nKhó có thể nhận ra sự khác biệt về thiết kế bằng mắt thường, nhưng iPhone Xs đã được phủ một lớp kính cường lực mới, bền hơn, khó rơi vỡ hơn và thiết bị cũng có khả năng chống nước, bụi theo tiêu chuẩn IP68.\r\nChất lượng màn hình hiển thị tuyệt vời\r\nỞ thế hệ iPhone Xs 64GB mới, Apple tập trung vào việc cải thiện trải nghiệm của người dùng. Màn hình 5.8-inch Super Retina HD OLED của iPhone Xs hỗ trợ Dolby Vision và HDR10 cho chất lượng hình ảnh tốt hơn dù vẫn có độ phân giải 2436 x 1125 như iPhone X năm ngoái (458 ppi).\r\nHiệu năng vượt trội và hoạt động lâu dài\r\nCả ba mẫu iPhone mới đều được trang bị bộ vi xử lý Apple A12 Bionic được sản xuất trên quy trình 7nm, tích hợp 8 nhân Neural Engine thế hệ mới để xử lý những tác vụ AI tốt hơn. Bộ vi xử lý này có thể thực hiện được 5 nghìn tỷ phép tính mỗi giây, gấp 8 lần so với 600 tỷ phép tính mỗi giây của iPhone X, giúp cho bộ ba này trở thành những mẫu điện thoại thông minh mạnh mẽ nhất hiện nay.', 'Thân máy, Hộp, Cáp, Sạc, Tai nghe, Sách hướng dẫn', '12'),
(68, 1, 1, 'Điện thoại iPhone Xs Max 64GB (2 SIM Quốc tế)', '30279000', 'https://9d64ad34dc80321.kcdn.vn/pub/media/catalog/product/cache/926507dc7f93631a094422215b778fe0/i/p/iphone-xs-max-64gb-2-sim-moi-mau-vang-didongviet.jpg', 'Công nghệ màn hình: Super AMOLED\r\nĐộ phân giải: 1242 x 2688 pixels\r\nMàn hình rộng: 6.5 inches\r\nĐộ phân giải: 12 MP, f/1.8, 28mm, 1.4µm, OIS, PDAF và 12 MP, f/2.4, 52mm, 1.0µm, OIS, PDAF, 2x optical zoom\r\nQuay phim: 2160p@24/30/60fps, 1080p@30/60/120/240fps, HDR, stereo sound rec.\r\nĐộ phân giải: 7 MP, f/2.2\r\nHệ điều hành: iOS 12\r\nChipset (hãng SX CPU): Apple A12 Bionic\r\nTốc độ CPU: Hexa-core\r\nRAM: 4 GB\r\nBộ nhớ trong: 64 GB', 'iPhone Xs Max 64GB 2 SIM quốc tế là chiếc smartphone thu hút rất nhiều sự chú ý của giới công nghệ và cộng đồng người dùng, bởi thiết kế sang trọng đẳng cấp, nội lực mạnh mẽ và những tính năng thú vị.\r\niPhone Xs Max 64GB 2 SIM quốc tế - Thiết kế tinh tế\r\niPhone Xs Max 64GB 2 SIM quốc tế chính là chiếc iPhone có màn hình lớn nhất từ trước đến nay của Apple. Nhờ kết cấu màn hình tràn viền, đưa phần hiển thị tràn ra sát cả 4 cạnh, kích thước tổng thể (157.5 x 77.4 x 7.7 mm) lẫn trọng lượng (208g) của Xs Max chỉ suýt soát iPhone 8 Plus (158.4 x 78.1 x 7.5 mm, 202g), không tạo cảm giác về một chiếc smartphone “quá khổ” gây khó khăn trong việc cầm nắm và thao tác.\r\niPhone Xs Max 64GB 2 SIM quốc tế - Màn hình đẹp mắt\r\nMàn hình của iPhone Xs Max 64GB 2 SIM quốc tế có kích thước 6.5 inch, tích hợp những công nghệ cao cấp về hiển thị (Dolby Vision, HDR10) và tính năng (cảm ứng lực 3D Touch, chế độ true-tone giúp máy tự điều chỉnh màu dựa vào môi trường xung quanh để thể hiện màu chính xác nhất có thể).\r\nKết hợp cùng độ phân giải 1.242 x 2.688 pixels, tức đạt mật độ điểm ảnh 458 ppi, màn hình này tái tạo hình ảnh rất sắc nét với màu sắc trung thực\r\n\r\nNgoài ra, nhờ tần suất lấy mẫu cảm ứng của màn hình (touch sensing rate) lên đến 120 Hz, độ nhạy của màn hình khi phản hồi với cử chỉ cảm ứng là rất ấn tượng.\r\n\r\niPhone Xs Max 64GB 2 SIM quốc tế - Cấu hình khủng\r\niPhone XS Max được trang bị chip A12 Bionic hiện đại nhất với 6 nhân CPU, 4 nhân GPU và 1 nhân Neural Engine. A12 Bionic cho hiệu năng cao hơn và GPU cũng nhanh hơn tới 50% so với A11 Bionic.\r\n', 'Công nghệ màn hình: Super AMOLED\r\nĐộ phân giải: 1242 x 2688 pixels\r\nMàn hình rộng: 6.5 inches\r\nĐộ phân giải: 12 MP, f/1.8, 28mm, 1.4µm, OIS, PDAF và 12 MP, f/2.4, 52mm, 1.0µm, OIS, PDAF, 2x optical zoom\r\nQuay phim: 2160p@24/30/60fps, 1080p@30/60/120/240fps, HDR, stereo sound rec.\r\nĐộ phân giải: 7 MP, f/2.2\r\nHệ điều hành: iOS 12\r\nChipset (hãng SX CPU): Apple A12 Bionic\r\nTốc độ CPU: Hexa-core\r\nRAM: 4 GB\r\nBộ nhớ trong: 64 GB', '12'),
(69, 1, 1, 'Điện thoại iPhone Xs Max 512GB', '37479000', 'https://www.didongviet.vn/pub/media/catalog/product//i/p/iphone-xs-max-512gb-didongviet.jpg', 'Công nghệ màn hình: Super AMOLED\r\nĐộ phân giải: 1242 x 2688 pixels\r\nMàn hình rộng: 6.5 inches\r\nĐộ phân giải: 12 MP, f/1.8, 28mm, 1.4µm, OIS, PDAF và 12 MP, f/2.4, 52mm, 1.0µm, OIS, PDAF, 2x optical zoom\r\nQuay phim: 2160p@24/30/60fps, 1080p@30/60/120/240fps, HDR, stereo sound rec.\r\nĐộ phân giải: 7 MP, f/2.2\r\nHệ điều hành: iOS 12\r\nChipset (hãng SX CPU): Apple A12 Bionic\r\nTốc độ CPU: Hexa-core\r\nRAM: 4 GB\r\nBộ nhớ trong: 512 GB', 'Có thể iPhone Xs Max 512GB là anh cả trong bộ ba iPhone ra mắt năm nay. Điều làm máy nổi bật và hấp dẫn là màn hình lớn nhất trong dàn iPhone kèm theo nhiều nâng cấp về cấu hình cũng như trang bị.\r\nThiết kế iPhone Xs Max 512GB – Sang trọng nhưng tiện dụng\r\niPhone Xs Max 512GB được hoàn thiện từ thép không gỉ kết hợp với 2 mặt kính cường lực cao cấp. Nhũng đường cong được thiết kế kéo léo giúp máy trông mềm mại, uyển chuyển hơn. Nhưng trải nghiệm thực tế khi cầm nắm lại cho cảm giác chắc chắn hơn các thế hệ trước.\r\nCác chi tiết ở mặt sau tương tự như trên người tiền nhiệm. Hệ thống camera kép và logo quả táo cắn dở được đặt ở vị trí quen thuộc. Ngoài ra, iPhone Xs Max được Apple tích hợp khả năng kháng nước, bụi theo tiêu chuẩn IP68.\r\nĐặc điểm nổi bật  Thông số kỹ thuật  Hỏi đáp & tư vấn\r\nCó thể iPhone Xs Max 512GB là anh cả trong bộ ba iPhone ra mắt năm nay. Điều làm máy nổi bật và hấp dẫn là màn hình lớn nhất trong dàn iPhone kèm theo nhiều nâng cấp về cấu hình cũng như trang bị.\r\nThiết kế iPhone Xs Max 512GB – Sang trọng nhưng tiện dụng\r\niPhone Xs Max 512GB được hoàn thiện từ thép không gỉ kết hợp với 2 mặt kính cường lực cao cấp. Nhũng đường cong được thiết kế kéo léo giúp máy trông mềm mại, uyển chuyển hơn. Nhưng trải nghiệm thực tế khi cầm nắm lại cho cảm giác chắc chắn hơn các thế hệ trước.\r\n\r\niPhone Xs Max 512GB\r\n\r\nCác chi tiết ở mặt sau tương tự như trên người tiền nhiệm. Hệ thống camera kép và logo quả táo cắn dở được đặt ở vị trí quen thuộc. Ngoài ra, iPhone Xs Max được Apple tích hợp khả năng kháng nước, bụi theo tiêu chuẩn IP68.\r\n\r\niPhone Xs Max 512GB\r\n\r\nMàn hình iPhone Xs Max 512GB\r\nĐiểm nhấn đặc biệt của iPhone Xs Max chính là kích thước màn hình. Theo đó, máy có màn hình 6,5 inch, gần như chiếm trọn mặt trước của điện thoại. Tấm nền OLED kết hợp với công nghệ Super Retina đem lại dải màu sống động và sắc nét đến từng chi tiết.\r\n\r\nHệ thống đèn nền được thiết kế mới đem lại trải nghiệm trọn vẹn dù ở bất cứ góc độ nào.\r\nCông nghệ HDR10 và Dolby Vision đem lại khả năng tự điều chỉnh và quản lý các điểm sáng, tối khi hiển thị. Nhờ đó, iPhone XS Max đảm bảo hình ảnh luôn đạt chuẩn hoàn hảo.\r\nCấu hình iPhone Xs Max 512GB: Sức mạnh vô đối đến từ con chip A12\r\nLà flagship cao cấp, Xs Max được Apple ưu ái trang bị vi xử lý thế hệ mới nhất A12 Bionic. Đây là con chip được xây dựng trên tiến trình 7nm đầu tiên cùng với 6 nhân CPU, 4 nhân GPU. Nhờ đó, hiệu năng của máy có thể nói thuộc vào hàng top trong thị trường smartphone hiện nay.\r\niPhone Xs Max 512GB là phiên bản bộ nhớ trong cao nhất, cho không gian lưu trữ thoải mái Bên cạnh đó, Apple cũng đưa ra nhiều lựa chọn như 64GB/256GB để đáp ứng đầy đủ nhu cầu từ người sử dụng. Khi đến tay người dùng, máy sẽ chạy hệ điều hành IOS 12 mới nhất. Thời lượng pin trên Xs Max được cải tiến nhiều hơn nhờ khả năng tiết kiệm năng lượng của con chip A12.\r\nCamera iPhone Xs Max 512GB: Thay đổi khẩu độ sau chụp\r\nCamera trên iPhone lúc nào cũng được đánh giá cao về chất lượng. Dù không sở hữu thông số quá khủng nhưng iPhone Xs Max vẫn cho thấy đẳng cấp của mình về mảng này. Cụm camera kép với độ phân giải 12 MP với 1 ống kính góc rộng và ống kính tele. Cả 2 đều được trang bị công nghệ chống rung quang học Camera selfie có độ phân giải 7MP.\r\nHệ thống xử lý hình ảnh chất lượng cân bằng sáng, giảm nhiễu, tăng cường độ phơi sáng, màu da sao cho phù hợp và tự nhiên nhất. Xs Max cho phép điều chỉnh khẩu độ từ f/1.4 đến f/1.6 ngay trên ảnh sau khi chụp. Công nghệ Smart HDR giúp tái tạo và cho ra những bức ảnh với độ sáng tốt nhất.\r\nCông nghệ AI được tích hợp gần đây đem lại khả năng tự động điều chỉnh màu sắc, độ tương phản của các vật thể. Ngoài ra, Animoji bổ sung nhiều biểu tượng thú vị và ngộ nghĩnh hơn.', 'Thân máy, Hộp, Cáp, Sạc, Tai nghe, Sách hướng dẫn', '12'),
(70, 1, 1, 'Điện thoại iPhone Xs Max 512GB (2 SIM Quốc tế)', '38479000', 'https://9d64ad34dc80321.kcdn.vn/pub/media/catalog/product/cache/926507dc7f93631a094422215b778fe0/i/p/iphone-xs-max-512gb-2-sim-moi-mau-trang-didongviet.jpg', 'Công nghệ màn hình: Super AMOLED\r\nĐộ phân giải: 1242 x 2688 pixels\r\nMàn hình rộng: 6.5 inches\r\nĐộ phân giải: 12 MP, f/1.8, 28mm, 1.4µm, OIS, PDAF và 12 MP, f/2.4, 52mm, 1.0µm, OIS, PDAF, 2x optical zoom\r\nQuay phim: 2160p@24/30/60fps, 1080p@30/60/120/240fps, HDR, stereo sound rec.\r\nĐộ phân giải: 7 MP, f/2.2\r\nHệ điều hành: iOS 12\r\nChipset (hãng SX CPU): Apple A12 Bionic\r\nTốc độ CPU: Hexa-core\r\nRAM: 4 GB\r\nBộ nhớ trong: 512 GB', 'Có thể iPhone Xs Max 512GB là anh cả trong bộ ba iPhone ra mắt năm nay. Điều làm máy nổi bật và hấp dẫn là màn hình lớn nhất trong dàn iPhone kèm theo nhiều nâng cấp về cấu hình cũng như trang bị.\r\nThiết kế iPhone Xs Max 512GB – Sang trọng nhưng tiện dụng\r\niPhone Xs Max 512GB được hoàn thiện từ thép không gỉ kết hợp với 2 mặt kính cường lực cao cấp. Nhũng đường cong được thiết kế kéo léo giúp máy trông mềm mại, uyển chuyển hơn. Nhưng trải nghiệm thực tế khi cầm nắm lại cho cảm giác chắc chắn hơn các thế hệ trước.\r\nCác chi tiết ở mặt sau tương tự như trên người tiền nhiệm. Hệ thống camera kép và logo quả táo cắn dở được đặt ở vị trí quen thuộc. Ngoài ra, iPhone Xs Max được Apple tích hợp khả năng kháng nước, bụi theo tiêu chuẩn IP68.\r\nĐặc điểm nổi bật  Thông số kỹ thuật  Hỏi đáp & tư vấn\r\nCó thể iPhone Xs Max 512GB là anh cả trong bộ ba iPhone ra mắt năm nay. Điều làm máy nổi bật và hấp dẫn là màn hình lớn nhất trong dàn iPhone kèm theo nhiều nâng cấp về cấu hình cũng như trang bị.\r\nThiết kế iPhone Xs Max 512GB – Sang trọng nhưng tiện dụng\r\niPhone Xs Max 512GB được hoàn thiện từ thép không gỉ kết hợp với 2 mặt kính cường lực cao cấp. Nhũng đường cong được thiết kế kéo léo giúp máy trông mềm mại, uyển chuyển hơn. Nhưng trải nghiệm thực tế khi cầm nắm lại cho cảm giác chắc chắn hơn các thế hệ trước.\r\n\r\niPhone Xs Max 512GB\r\n\r\nCác chi tiết ở mặt sau tương tự như trên người tiền nhiệm. Hệ thống camera kép và logo quả táo cắn dở được đặt ở vị trí quen thuộc. Ngoài ra, iPhone Xs Max được Apple tích hợp khả năng kháng nước, bụi theo tiêu chuẩn IP68.\r\n\r\niPhone Xs Max 512GB\r\n\r\nMàn hình iPhone Xs Max 512GB\r\nĐiểm nhấn đặc biệt của iPhone Xs Max chính là kích thước màn hình. Theo đó, máy có màn hình 6,5 inch, gần như chiếm trọn mặt trước của điện thoại. Tấm nền OLED kết hợp với công nghệ Super Retina đem lại dải màu sống động và sắc nét đến từng chi tiết.\r\n\r\nHệ thống đèn nền được thiết kế mới đem lại trải nghiệm trọn vẹn dù ở bất cứ góc độ nào.\r\nCông nghệ HDR10 và Dolby Vision đem lại khả năng tự điều chỉnh và quản lý các điểm sáng, tối khi hiển thị. Nhờ đó, iPhone XS Max đảm bảo hình ảnh luôn đạt chuẩn hoàn hảo.\r\nCấu hình iPhone Xs Max 512GB: Sức mạnh vô đối đến từ con chip A12\r\nLà flagship cao cấp, Xs Max được Apple ưu ái trang bị vi xử lý thế hệ mới nhất A12 Bionic. Đây là con chip được xây dựng trên tiến trình 7nm đầu tiên cùng với 6 nhân CPU, 4 nhân GPU. Nhờ đó, hiệu năng của máy có thể nói thuộc vào hàng top trong thị trường smartphone hiện nay.\r\niPhone Xs Max 512GB là phiên bản bộ nhớ trong cao nhất, cho không gian lưu trữ thoải mái Bên cạnh đó, Apple cũng đưa ra nhiều lựa chọn như 64GB/256GB để đáp ứng đầy đủ nhu cầu từ người sử dụng. Khi đến tay người dùng, máy sẽ chạy hệ điều hành IOS 12 mới nhất. Thời lượng pin trên Xs Max được cải tiến nhiều hơn nhờ khả năng tiết kiệm năng lượng của con chip A12.\r\nCamera iPhone Xs Max 512GB: Thay đổi khẩu độ sau chụp\r\nCamera trên iPhone lúc nào cũng được đánh giá cao về chất lượng. Dù không sở hữu thông số quá khủng nhưng iPhone Xs Max vẫn cho thấy đẳng cấp của mình về mảng này. Cụm camera kép với độ phân giải 12 MP với 1 ống kính góc rộng và ống kính tele. Cả 2 đều được trang bị công nghệ chống rung quang học Camera selfie có độ phân giải 7MP.\r\nHệ thống xử lý hình ảnh chất lượng cân bằng sáng, giảm nhiễu, tăng cường độ phơi sáng, màu da sao cho phù hợp và tự nhiên nhất. Xs Max cho phép điều chỉnh khẩu độ từ f/1.4 đến f/1.6 ngay trên ảnh sau khi chụp. Công nghệ Smart HDR giúp tái tạo và cho ra những bức ảnh với độ sáng tốt nhất.\r\nCông nghệ AI được tích hợp gần đây đem lại khả năng tự động điều chỉnh màu sắc, độ tương phản của các vật thể. Ngoài ra, Animoji bổ sung nhiều biểu tượng thú vị và ngộ nghĩnh hơn.', 'Thân máy, Hộp, Cáp, Sạc, Tai nghe, Sách hướng dẫn', '12');

-- --------------------------------------------------------

--
-- Table structure for table `thuonghieu`
--

CREATE TABLE `thuonghieu` (
  `MaThuongHieu` int(11) NOT NULL,
  `TenThuongHieu` varchar(50) DEFAULT NULL,
  `HinhLogoThuongHieu` text
) ENGINE=InnoDB DEFAULT CHARSET=utf8;

--
-- Dumping data for table `thuonghieu`
--

INSERT INTO `thuonghieu` (`MaThuongHieu`, `TenThuongHieu`, `HinhLogoThuongHieu`) VALUES
(1, 'Apple', 'https://www.shareicon.net/data/256x256/2015/10/06/112650_apple_416x512.png'),
(2, 'Samsung', 'http://3ctechnology.no/wp-content/uploads/2016/04/samsung-logo.png'),
(3, 'Nokia', 'http://www.myiconfinder.com/uploads/iconsets/256-256-5b723e69aaf9a67b2f44faa76e458649-nokia.png'),
(4, 'OPPO', 'http://www.printland.in/media/catalog/category/oppo.png'),
(5, 'Acer', 'http://pluspng.com/img-png/acer-png-acer-icon-download-png-256.png'),
(6, 'HP', 'https://cdn2.iconfinder.com/data/icons/metro-uinvert-dock/256/HP.png'),
(7, 'Asus', 'http://www.lapzone.lk/wp-content/uploads/2018/05/asus-logo-transparent.png'),
(8, 'Lenovo', 'https://cdn2.iconfinder.com/data/icons/metro-uinvert-dock/256/Lenovo.png'),
(9, 'Huawei', 'https://www.freepnglogos.com/uploads/huawei-logo-png/huawei-logo-9.png'),
(10, 'Sony', 'https://static1.squarespace.com/static/56f5b393356fb063f3e11105/5b2be43a03ce64a98fc94f0e/5b330b8c2b6a283f4ad1873c/1530072353388/Sony+logo.png'),
(11, 'Vivo', 'https://cdn.iconscout.com/icon/free/png-256/vivo-1-285323.png'),
(12, 'Xiaomi', 'https://www.shareicon.net/data/256x256/2015/09/01/94003_xiaomi_512x512.png'),
(13, 'Philips', 'https://cdn.iconscout.com/icon/free/png-256/philips-282137.png'),
(14, 'Mobiistar', 'https://lh3.googleusercontent.com/b--Lgq88lndPeNmHKzqhqhq-v6H85EZQIjX6CHYqwWSgJE2BEhLsNehW38WnfTJI9Mal=s128'),
(15, 'BKAV', 'https://lh3.googleusercontent.com/tIGpe1MgUFb2l7hfPp6tsBGNsABG19ElkuzEYbPZZiWMujpAXlb10A3JcLVu_VFb5No=s128'),
(16, 'Dell', 'http://www.myiconfinder.com/uploads/iconsets/256-256-e2481d8a08e41839a3884ced3b8239e7-dell.png'),
(17, 'MSI', 'https://cdn.iconscout.com/icon/free/png-256/msi-282303.png'),
(18, 'Xmobile', 'https://is5-ssl.mzstatic.com/image/thumb/Purple/v4/1e/e3/3e/1ee33e6b-a002-1eb7-269b-19c2689c4f8d/source/256x256bb.jpg'),
(19, 'Anker', 'https://res-1.cloudinary.com/crunchbase-production/image/upload/c_lpad,h_256,w_256,f_auto,q_auto:eco/t0yf9hiuofxumogp0knn'),
(20, 'Razer', 'http://gtalogo.com/img/5418.png'),
(21, 'BlackBerry', 'https://i0.wp.com/ktronic.ca/shop/wp-content/uploads/2016/05/blackberry-logo.png'),
(22, 'Logitech', 'https://www.lapzone.lk/wp-content/uploads/2018/06/logitech-logo-icon.png'),
(23, 'Energizer', 'https://www.partsit.com/img/manufacturers/energizer.png'),
(24, 'Pisen', 'https://pbs.twimg.com/profile_images/728115789744627712/wlIwkL-J_400x400.jpg'),
(25, 'HTC', 'http://www.myiconfinder.com/uploads/iconsets/256-256-2682d53f10ef9d1456944f418c53dee4-htc.png'),
(26, 'Canon', 'https://udger.com/pub/img/mac_vendor/canon_big.png'),
(27, 'LG', 'http://www.myiconfinder.com/uploads/iconsets/256-256-d14c8c035b3c8f8d7c74085ce761c24e-lg.png'),
(28, 'Nikon', 'http://www.myiconfinder.com/uploads/iconsets/256-256-1286644660981cdcc56836a28b36894c-nikon.png'),
(29, 'GoPro', 'https://cdn.iconscout.com/icon/free/png-256/gopro-2-282454.png'),
(30, 'Fujifilm', 'https://www.partsit.com/img/manufacturers/fujifilm.png'),
(31, 'Fitbit', 'https://www.vectorlogo.zone/logos/fitbit/fitbit-card.png'),
(32, 'Garmin', 'https://www.val-navtika.net/wp-content/uploads/2015/05/garmin-logo-primary-2.jpg'),
(33, 'Fossil', 'https://www.lockpath.com/wp-content/uploads/2017/02/resources-casestudies-fossil.png'),
(34, 'JBL', 'https://cdn.freebiesupply.com/logos/large/2x/jbl-1-logo-png-transparent.png'),
(35, 'Bose', 'http://pluspng.com/img-png/bose-png-bose-1200.png'),
(36, 'Nintendo', 'https://res.cloudinary.com/teepublic/image/private/s--ZXqEzJub--/t_Preview/b_rgb:ffffff,c_limit,f_jpg,h_630,q_90,w_630/v1464817760/production/designs/530516_1.jpg');

--
-- Indexes for dumped tables
--

--
-- Indexes for table `chitietdonhang`
--
ALTER TABLE `chitietdonhang`
  ADD PRIMARY KEY (`MaChiTietDonHang`),
  ADD KEY `FK_ChiTietDonHang_MaDonHang` (`MaDonHang`),
  ADD KEY `FK_ChiTietDonHang_MaSanPham` (`MaSanPham`);

--
-- Indexes for table `donhang`
--
ALTER TABLE `donhang`
  ADD PRIMARY KEY (`MaDonHang`),
  ADD KEY `FK_DonHang_MaKhachHang` (`MaKhachHang`);

--
-- Indexes for table `khachhang`
--
ALTER TABLE `khachhang`
  ADD PRIMARY KEY (`MaKhachHang`),
  ADD KEY `FK_KhachHang_MaLoaiNhanVien` (`MaLoaiNhanVien`);

--
-- Indexes for table `loainhanvien`
--
ALTER TABLE `loainhanvien`
  ADD PRIMARY KEY (`MaLoaiNhanVien`);

--
-- Indexes for table `loaisanpham`
--
ALTER TABLE `loaisanpham`
  ADD PRIMARY KEY (`MaLoaiSanPham`);

--
-- Indexes for table `nhanvien`
--
ALTER TABLE `nhanvien`
  ADD PRIMARY KEY (`MaNhanVien`),
  ADD KEY `FK_NhanVien_MaLoaiNhanVien` (`MaLoaiNhanVien`);

--
-- Indexes for table `sanpham`
--
ALTER TABLE `sanpham`
  ADD PRIMARY KEY (`MaSanPham`),
  ADD KEY `FK_SanPham_MaLoaiSanPham` (`MaLoaiSanPham`),
  ADD KEY `FK_SanPham_MaThuongHieu` (`MaThuongHieu`);

--
-- Indexes for table `thuonghieu`
--
ALTER TABLE `thuonghieu`
  ADD PRIMARY KEY (`MaThuongHieu`);

--
-- AUTO_INCREMENT for dumped tables
--

--
-- AUTO_INCREMENT for table `chitietdonhang`
--
ALTER TABLE `chitietdonhang`
  MODIFY `MaChiTietDonHang` int(11) NOT NULL AUTO_INCREMENT, AUTO_INCREMENT=14;

--
-- AUTO_INCREMENT for table `donhang`
--
ALTER TABLE `donhang`
  MODIFY `MaDonHang` int(11) NOT NULL AUTO_INCREMENT, AUTO_INCREMENT=10;

--
-- AUTO_INCREMENT for table `khachhang`
--
ALTER TABLE `khachhang`
  MODIFY `MaKhachHang` int(11) NOT NULL AUTO_INCREMENT, AUTO_INCREMENT=10;

--
-- AUTO_INCREMENT for table `loainhanvien`
--
ALTER TABLE `loainhanvien`
  MODIFY `MaLoaiNhanVien` int(11) NOT NULL AUTO_INCREMENT, AUTO_INCREMENT=3;

--
-- AUTO_INCREMENT for table `loaisanpham`
--
ALTER TABLE `loaisanpham`
  MODIFY `MaLoaiSanPham` int(11) NOT NULL AUTO_INCREMENT, AUTO_INCREMENT=9;

--
-- AUTO_INCREMENT for table `nhanvien`
--
ALTER TABLE `nhanvien`
  MODIFY `MaNhanVien` int(11) NOT NULL AUTO_INCREMENT, AUTO_INCREMENT=2;

--
-- AUTO_INCREMENT for table `sanpham`
--
ALTER TABLE `sanpham`
  MODIFY `MaSanPham` int(11) NOT NULL AUTO_INCREMENT, AUTO_INCREMENT=71;

--
-- AUTO_INCREMENT for table `thuonghieu`
--
ALTER TABLE `thuonghieu`
  MODIFY `MaThuongHieu` int(11) NOT NULL AUTO_INCREMENT, AUTO_INCREMENT=37;

--
-- Constraints for dumped tables
--

--
-- Constraints for table `chitietdonhang`
--
ALTER TABLE `chitietdonhang`
  ADD CONSTRAINT `FK_ChiTietDonHang_MaDonHang` FOREIGN KEY (`MaDonHang`) REFERENCES `donhang` (`MaDonHang`),
  ADD CONSTRAINT `FK_ChiTietDonHang_MaSanPham` FOREIGN KEY (`MaSanPham`) REFERENCES `sanpham` (`MaSanPham`);

--
-- Constraints for table `donhang`
--
ALTER TABLE `donhang`
  ADD CONSTRAINT `FK_DonHang_MaKhachHang` FOREIGN KEY (`MaKhachHang`) REFERENCES `khachhang` (`MaKhachHang`);

--
-- Constraints for table `khachhang`
--
ALTER TABLE `khachhang`
  ADD CONSTRAINT `FK_KhachHang_MaLoaiNhanVien` FOREIGN KEY (`MaLoaiNhanVien`) REFERENCES `loainhanvien` (`MaLoaiNhanVien`);

--
-- Constraints for table `nhanvien`
--
ALTER TABLE `nhanvien`
  ADD CONSTRAINT `FK_NhanVien_MaLoaiNhanVien` FOREIGN KEY (`MaLoaiNhanVien`) REFERENCES `loainhanvien` (`MaLoaiNhanVien`);

--
-- Constraints for table `sanpham`
--
ALTER TABLE `sanpham`
  ADD CONSTRAINT `FK_SanPham_MaLoaiSanPham` FOREIGN KEY (`MaLoaiSanPham`) REFERENCES `loaisanpham` (`MaLoaiSanPham`),
  ADD CONSTRAINT `FK_SanPham_MaThuongHieu` FOREIGN KEY (`MaThuongHieu`) REFERENCES `thuonghieu` (`MaThuongHieu`);
COMMIT;

/*!40101 SET CHARACTER_SET_CLIENT=@OLD_CHARACTER_SET_CLIENT */;
/*!40101 SET CHARACTER_SET_RESULTS=@OLD_CHARACTER_SET_RESULTS */;
/*!40101 SET COLLATION_CONNECTION=@OLD_COLLATION_CONNECTION */;
